-- phpMyAdmin SQL Dump
-- version 4.1.14
-- http://www.phpmyadmin.net
--
-- Servidor: 127.0.0.1
-- Tiempo de generación: 01-07-2016 a las 19:37:00
-- Versión del servidor: 5.6.17
-- Versión de PHP: 5.5.12

SET SQL_MODE = "NO_AUTO_VALUE_ON_ZERO";
SET time_zone = "+00:00";


/*!40101 SET @OLD_CHARACTER_SET_CLIENT=@@CHARACTER_SET_CLIENT */;
/*!40101 SET @OLD_CHARACTER_SET_RESULTS=@@CHARACTER_SET_RESULTS */;
/*!40101 SET @OLD_COLLATION_CONNECTION=@@COLLATION_CONNECTION */;
/*!40101 SET NAMES utf8 */;

--
-- Base de datos: `escuela`
--

-- --------------------------------------------------------

--
-- Estructura de tabla para la tabla `agrupaciones`
--

CREATE TABLE IF NOT EXISTS `agrupaciones` (
  `id_agrupacion` int(11) NOT NULL AUTO_INCREMENT,
  `id_grupo` int(11) DEFAULT NULL,
  `id_alumno` int(11) DEFAULT NULL,
  `id_periodo` int(11) DEFAULT NULL,
  `id_materia` int(11) DEFAULT NULL,
  `id_escuela` int(11) DEFAULT NULL,
  `id_parcial` int(11) DEFAULT NULL,
  PRIMARY KEY (`id_agrupacion`),
  KEY `id_grupo` (`id_grupo`),
  KEY `id_alumno` (`id_alumno`),
  KEY `id_periodo` (`id_periodo`),
  KEY `id_materia` (`id_materia`),
  KEY `id_escuela` (`id_escuela`),
  KEY `id_parcial` (`id_parcial`)
) ENGINE=InnoDB  DEFAULT CHARSET=latin1 AUTO_INCREMENT=401 ;

--
-- Volcado de datos para la tabla `agrupaciones`
--

INSERT INTO `agrupaciones` (`id_agrupacion`, `id_grupo`, `id_alumno`, `id_periodo`, `id_materia`, `id_escuela`, `id_parcial`) VALUES
(1, 1, 1, 1, 1, 1, 1),
(2, 1, 1, 1, 1, 1, 1),
(3, 2, 2, 2, 2, 2, 2),
(4, 3, 3, 3, 3, 3, 3),
(5, 4, 4, 4, 4, 4, 4),
(6, 5, 5, 5, 5, 5, 5),
(7, 6, 6, 6, 6, 6, 6),
(8, 7, 7, 7, 7, 7, 7),
(9, 8, 8, 8, 8, 8, 8),
(10, 9, 9, 9, 9, 9, 9),
(11, 10, 10, 10, 10, 10, 10),
(12, 11, 11, 11, 11, 11, 11),
(13, 12, 12, 12, 12, 12, 12),
(14, 13, 13, 13, 13, 13, 13),
(15, 14, 14, 14, 14, 14, 14),
(16, 15, 15, 15, 15, 15, 15),
(17, 16, 16, 16, 16, 16, 16),
(18, 17, 17, 17, 17, 17, 17),
(19, 18, 18, 18, 18, 18, 18),
(20, 19, 19, 19, 19, 19, 19),
(21, 20, 20, 20, 20, 20, 20),
(22, 21, 21, 21, 21, 21, 21),
(23, 22, 22, 22, 22, 22, 22),
(24, 23, 23, 23, 23, 23, 23),
(25, 24, 24, 24, 24, 24, 24),
(26, 25, 25, 25, 25, 25, 25),
(27, 26, 26, 26, 26, 26, 26),
(28, 27, 27, 27, 27, 27, 27),
(29, 28, 28, 28, 28, 28, 28),
(30, 29, 29, 29, 29, 29, 29),
(31, 30, 30, 30, 30, 30, 30),
(32, 31, 31, 31, 31, 31, 31),
(33, 32, 32, 32, 32, 32, 32),
(34, 33, 33, 33, 33, 33, 33),
(35, 34, 34, 34, 34, 34, 34),
(36, 35, 35, 35, 35, 35, 35),
(37, 36, 36, 36, 36, 36, 36),
(38, 37, 37, 37, 37, 37, 37),
(39, 38, 38, 38, 38, 38, 38),
(40, 39, 39, 39, 39, 39, 39),
(41, 40, 40, 40, 40, 40, 40),
(42, 41, 41, 41, 41, 41, 41),
(43, 42, 42, 42, 42, 42, 42),
(44, 43, 43, 43, 43, 43, 43),
(45, 44, 44, 44, 44, 44, 44),
(46, 45, 45, 45, 45, 45, 45),
(47, 46, 46, 46, 46, 46, 46),
(48, 47, 47, 47, 47, 47, 47),
(49, 48, 48, 48, 48, 48, 48),
(50, 49, 49, 49, 49, 49, 49),
(51, 50, 50, 50, 50, 50, 50),
(52, 51, 51, 51, 51, 51, 51),
(53, 52, 52, 52, 52, 52, 52),
(54, 53, 53, 53, 53, 53, 53),
(55, 54, 54, 54, 54, 54, 54),
(56, 55, 55, 55, 55, 55, 55),
(57, 56, 56, 56, 56, 56, 56),
(58, 57, 57, 57, 57, 57, 57),
(59, 58, 58, 58, 58, 58, 58),
(60, 59, 59, 59, 59, 59, 59),
(61, 60, 60, 60, 60, 60, 60),
(62, 61, 61, 61, 61, 61, 61),
(63, 62, 62, 62, 62, 62, 62),
(64, 63, 63, 63, 63, 63, 63),
(65, 64, 64, 64, 64, 64, 64),
(66, 65, 65, 65, 65, 65, 65),
(67, 66, 66, 66, 66, 66, 66),
(68, 67, 67, 67, 67, 67, 67),
(69, 68, 68, 68, 68, 68, 68),
(70, 69, 69, 69, 69, 69, 69),
(71, 70, 70, 70, 70, 70, 70),
(72, 71, 71, 71, 71, 71, 71),
(73, 72, 72, 72, 72, 72, 72),
(74, 73, 73, 73, 73, 73, 73),
(75, 74, 74, 74, 74, 74, 74),
(76, 75, 75, 75, 75, 75, 75),
(77, 76, 76, 76, 76, 76, 76),
(78, 77, 77, 77, 77, 77, 77),
(79, 78, 78, 78, 78, 78, 78),
(80, 79, 79, 79, 79, 79, 79),
(81, 80, 80, 80, 80, 80, 80),
(82, 81, 81, 81, 81, 81, 81),
(83, 82, 82, 82, 82, 82, 82),
(84, 83, 83, 83, 83, 83, 83),
(85, 84, 84, 84, 84, 84, 84),
(86, 85, 85, 85, 85, 85, 85),
(87, 86, 86, 86, 86, 86, 86),
(88, 87, 87, 87, 87, 87, 87),
(89, 88, 88, 88, 88, 88, 88),
(90, 89, 89, 89, 89, 89, 89),
(91, 90, 90, 90, 90, 90, 90),
(92, 91, 91, 91, 91, 91, 91),
(93, 92, 92, 92, 92, 92, 92),
(94, 93, 93, 93, 93, 93, 93),
(95, 94, 94, 94, 94, 94, 94),
(96, 95, 95, 95, 95, 95, 95),
(97, 96, 96, 96, 96, 96, 96),
(98, 97, 97, 97, 97, 97, 97),
(99, 98, 98, 98, 98, 98, 98),
(100, 99, 99, 99, 99, 99, 99),
(101, 100, 100, 100, 100, 100, 100),
(102, 101, 101, 101, 101, 101, 101),
(103, 102, 102, 102, 102, 102, 102),
(104, 103, 103, 103, 103, 103, 103),
(105, 104, 104, 104, 104, 104, 104),
(106, 105, 105, 105, 105, 105, 105),
(107, 106, 106, 106, 106, 106, 106),
(108, 107, 107, 107, 107, 107, 107),
(109, 108, 108, 108, 108, 108, 108),
(110, 109, 109, 109, 109, 109, 109),
(111, 110, 110, 110, 110, 110, 110),
(112, 111, 111, 111, 111, 111, 111),
(113, 112, 112, 112, 112, 112, 112),
(114, 113, 113, 113, 113, 113, 113),
(115, 114, 114, 114, 114, 114, 114),
(116, 115, 115, 115, 115, 115, 115),
(117, 116, 116, 116, 116, 116, 116),
(118, 117, 117, 117, 117, 117, 117),
(119, 118, 118, 118, 118, 118, 118),
(120, 119, 119, 119, 119, 119, 119),
(121, 120, 120, 120, 120, 120, 120),
(122, 121, 121, 121, 121, 121, 121),
(123, 122, 122, 122, 122, 122, 122),
(124, 123, 123, 123, 123, 123, 123),
(125, 124, 124, 124, 124, 124, 124),
(126, 125, 125, 125, 125, 125, 125),
(127, 126, 126, 126, 126, 126, 126),
(128, 127, 127, 127, 127, 127, 127),
(129, 128, 128, 128, 128, 128, 128),
(130, 129, 129, 129, 129, 129, 129),
(131, 130, 130, 130, 130, 130, 130),
(132, 131, 131, 131, 131, 131, 131),
(133, 132, 132, 132, 132, 132, 132),
(134, 133, 133, 133, 133, 133, 133),
(135, 134, 134, 134, 134, 134, 134),
(136, 135, 135, 135, 135, 135, 135),
(137, 136, 136, 136, 136, 136, 136),
(138, 137, 137, 137, 137, 137, 137),
(139, 138, 138, 138, 138, 138, 138),
(140, 139, 139, 139, 139, 139, 139),
(141, 140, 140, 140, 140, 140, 140),
(142, 141, 141, 141, 141, 141, 141),
(143, 142, 142, 142, 142, 142, 142),
(144, 143, 143, 143, 143, 143, 143),
(145, 144, 144, 144, 144, 144, 144),
(146, 145, 145, 145, 145, 145, 145),
(147, 146, 146, 146, 146, 146, 146),
(148, 147, 147, 147, 147, 147, 147),
(149, 148, 148, 148, 148, 148, 148),
(150, 149, 149, 149, 149, 149, 149),
(151, 150, 150, 150, 150, 150, 150),
(152, 151, 151, 151, 151, 151, 151),
(153, 152, 152, 152, 152, 152, 152),
(154, 153, 153, 153, 153, 153, 153),
(155, 154, 154, 154, 154, 154, 154),
(156, 155, 155, 155, 155, 155, 155),
(157, 156, 156, 156, 156, 156, 156),
(158, 157, 157, 157, 157, 157, 157),
(159, 158, 158, 158, 158, 158, 158),
(160, 159, 159, 159, 159, 159, 159),
(161, 160, 160, 160, 160, 160, 160),
(162, 161, 161, 161, 161, 161, 161),
(163, 162, 162, 162, 162, 162, 162),
(164, 163, 163, 163, 163, 163, 163),
(165, 164, 164, 164, 164, 164, 164),
(166, 165, 165, 165, 165, 165, 165),
(167, 166, 166, 166, 166, 166, 166),
(168, 167, 167, 167, 167, 167, 167),
(169, 168, 168, 168, 168, 168, 168),
(170, 169, 169, 169, 169, 169, 169),
(171, 170, 170, 170, 170, 170, 170),
(172, 171, 171, 171, 171, 171, 171),
(173, 172, 172, 172, 172, 172, 172),
(174, 173, 173, 173, 173, 173, 173),
(175, 174, 174, 174, 174, 174, 174),
(176, 175, 175, 175, 175, 175, 175),
(177, 176, 176, 176, 176, 176, 176),
(178, 177, 177, 177, 177, 177, 177),
(179, 178, 178, 178, 178, 178, 178),
(180, 179, 179, 179, 179, 179, 179),
(181, 180, 180, 180, 180, 180, 180),
(182, 181, 181, 181, 181, 181, 181),
(183, 182, 182, 182, 182, 182, 182),
(184, 183, 183, 183, 183, 183, 183),
(185, 184, 184, 184, 184, 184, 184),
(186, 185, 185, 185, 185, 185, 185),
(187, 186, 186, 186, 186, 186, 186),
(188, 187, 187, 187, 187, 187, 187),
(189, 188, 188, 188, 188, 188, 188),
(190, 189, 189, 189, 189, 189, 189),
(191, 190, 190, 190, 190, 190, 190),
(192, 191, 191, 191, 191, 191, 191),
(193, 192, 192, 192, 192, 192, 192),
(194, 193, 193, 193, 193, 193, 193),
(195, 194, 194, 194, 194, 194, 194),
(196, 195, 195, 195, 195, 195, 195),
(197, 196, 196, 196, 196, 196, 196),
(198, 197, 197, 197, 197, 197, 197),
(199, 198, 198, 198, 198, 198, 198),
(200, 199, 199, 199, 199, 199, 199),
(201, 200, 200, 200, 200, 200, 200),
(202, 201, 201, 201, 201, 201, 201),
(203, 202, 202, 202, 202, 202, 202),
(204, 203, 203, 203, 203, 203, 203),
(205, 204, 204, 204, 204, 204, 204),
(206, 205, 205, 205, 205, 205, 205),
(207, 206, 206, 206, 206, 206, 206),
(208, 207, 207, 207, 207, 207, 207),
(209, 208, 208, 208, 208, 208, 208),
(210, 209, 209, 209, 209, 209, 209),
(211, 210, 210, 210, 210, 210, 210),
(212, 211, 211, 211, 211, 211, 211),
(213, 212, 212, 212, 212, 212, 212),
(214, 213, 213, 213, 213, 213, 213),
(215, 214, 214, 214, 214, 214, 214),
(216, 215, 215, 215, 215, 215, 215),
(217, 216, 216, 216, 216, 216, 216),
(218, 217, 217, 217, 217, 217, 217),
(219, 218, 218, 218, 218, 218, 218),
(220, 219, 219, 219, 219, 219, 219),
(221, 220, 220, 220, 220, 220, 220),
(222, 221, 221, 221, 221, 221, 221),
(223, 222, 222, 222, 222, 222, 222),
(224, 223, 223, 223, 223, 223, 223),
(225, 224, 224, 224, 224, 224, 224),
(226, 225, 225, 225, 225, 225, 225),
(227, 226, 226, 226, 226, 226, 226),
(228, 227, 227, 227, 227, 227, 227),
(229, 228, 228, 228, 228, 228, 228),
(230, 229, 229, 229, 229, 229, 229),
(231, 230, 230, 230, 230, 230, 230),
(232, 231, 231, 231, 231, 231, 231),
(233, 232, 232, 232, 232, 232, 232),
(234, 233, 233, 233, 233, 233, 233),
(235, 234, 234, 234, 234, 234, 234),
(236, 235, 235, 235, 235, 235, 235),
(237, 236, 236, 236, 236, 236, 236),
(238, 237, 237, 237, 237, 237, 237),
(239, 238, 238, 238, 238, 238, 238),
(240, 239, 239, 239, 239, 239, 239),
(241, 240, 240, 240, 240, 240, 240),
(242, 241, 241, 241, 241, 241, 241),
(243, 242, 242, 242, 242, 242, 242),
(244, 243, 243, 243, 243, 243, 243),
(245, 244, 244, 244, 244, 244, 244),
(246, 245, 245, 245, 245, 245, 245),
(247, 246, 246, 246, 246, 246, 246),
(248, 247, 247, 247, 247, 247, 247),
(249, 248, 248, 248, 248, 248, 248),
(250, 249, 249, 249, 249, 249, 249),
(251, 250, 250, 250, 250, 250, 250),
(252, 251, 251, 251, 251, 251, 251),
(253, 252, 252, 252, 252, 252, 252),
(254, 253, 253, 253, 253, 253, 253),
(255, 254, 254, 254, 254, 254, 254),
(256, 255, 255, 255, 255, 255, 255),
(257, 256, 256, 256, 256, 256, 256),
(258, 257, 257, 257, 257, 257, 257),
(259, 258, 258, 258, 258, 258, 258),
(260, 259, 259, 259, 259, 259, 259),
(261, 260, 260, 260, 260, 260, 260),
(262, 261, 261, 261, 261, 261, 261),
(263, 262, 262, 262, 262, 262, 262),
(264, 263, 263, 263, 263, 263, 263),
(265, 264, 264, 264, 264, 264, 264),
(266, 265, 265, 265, 265, 265, 265),
(267, 266, 266, 266, 266, 266, 266),
(268, 267, 267, 267, 267, 267, 267),
(269, 268, 268, 268, 268, 268, 268),
(270, 269, 269, 269, 269, 269, 269),
(271, 270, 270, 270, 270, 270, 270),
(272, 271, 271, 271, 271, 271, 271),
(273, 272, 272, 272, 272, 272, 272),
(274, 273, 273, 273, 273, 273, 273),
(275, 274, 274, 274, 274, 274, 274),
(276, 275, 275, 275, 275, 275, 275),
(277, 276, 276, 276, 276, 276, 276),
(278, 277, 277, 277, 277, 277, 277),
(279, 278, 278, 278, 278, 278, 278),
(280, 279, 279, 279, 279, 279, 279),
(281, 280, 280, 280, 280, 280, 280),
(282, 281, 281, 281, 281, 281, 281),
(283, 282, 282, 282, 282, 282, 282),
(284, 283, 283, 283, 283, 283, 283),
(285, 284, 284, 284, 284, 284, 284),
(286, 285, 285, 285, 285, 285, 285),
(287, 286, 286, 286, 286, 286, 286),
(288, 287, 287, 287, 287, 287, 287),
(289, 288, 288, 288, 288, 288, 288),
(290, 289, 289, 289, 289, 289, 289),
(291, 290, 290, 290, 290, 290, 290),
(292, 291, 291, 291, 291, 291, 291),
(293, 292, 292, 292, 292, 292, 292),
(294, 293, 293, 293, 293, 293, 293),
(295, 294, 294, 294, 294, 294, 294),
(296, 295, 295, 295, 295, 295, 295),
(297, 296, 296, 296, 296, 296, 296),
(298, 297, 297, 297, 297, 297, 297),
(299, 298, 298, 298, 298, 298, 298),
(300, 299, 299, 299, 299, 299, 299),
(301, 300, 300, 300, 300, 300, 300),
(302, 301, 301, 301, 301, 301, 301),
(303, 302, 302, 302, 302, 302, 302),
(304, 303, 303, 303, 303, 303, 303),
(305, 304, 304, 304, 304, 304, 304),
(306, 305, 305, 305, 305, 305, 305),
(307, 306, 306, 306, 306, 306, 306),
(308, 307, 307, 307, 307, 307, 307),
(309, 308, 308, 308, 308, 308, 308),
(310, 309, 309, 309, 309, 309, 309),
(311, 310, 310, 310, 310, 310, 310),
(312, 311, 311, 311, 311, 311, 311),
(313, 312, 312, 312, 312, 312, 312),
(314, 313, 313, 313, 313, 313, 313),
(315, 314, 314, 314, 314, 314, 314),
(316, 315, 315, 315, 315, 315, 315),
(317, 316, 316, 316, 316, 316, 316),
(318, 317, 317, 317, 317, 317, 317),
(319, 318, 318, 318, 318, 318, 318),
(320, 319, 319, 319, 319, 319, 319),
(321, 320, 320, 320, 320, 320, 320),
(322, 321, 321, 321, 321, 321, 321),
(323, 322, 322, 322, 322, 322, 322),
(324, 323, 323, 323, 323, 323, 323),
(325, 324, 324, 324, 324, 324, 324),
(326, 325, 325, 325, 325, 325, 325),
(327, 326, 326, 326, 326, 326, 326),
(328, 327, 327, 327, 327, 327, 327),
(329, 328, 328, 328, 328, 328, 328),
(330, 329, 329, 329, 329, 329, 329),
(331, 330, 330, 330, 330, 330, 330),
(332, 331, 331, 331, 331, 331, 331),
(333, 332, 332, 332, 332, 332, 332),
(334, 333, 333, 333, 333, 333, 333),
(335, 334, 334, 334, 334, 334, 334),
(336, 335, 335, 335, 335, 335, 335),
(337, 336, 336, 336, 336, 336, 336),
(338, 337, 337, 337, 337, 337, 337),
(339, 338, 338, 338, 338, 338, 338),
(340, 339, 339, 339, 339, 339, 339),
(341, 340, 340, 340, 340, 340, 340),
(342, 341, 341, 341, 341, 341, 341),
(343, 342, 342, 342, 342, 342, 342),
(344, 343, 343, 343, 343, 343, 343),
(345, 344, 344, 344, 344, 344, 344),
(346, 345, 345, 345, 345, 345, 345),
(347, 346, 346, 346, 346, 346, 346),
(348, 347, 347, 347, 347, 347, 347),
(349, 348, 348, 348, 348, 348, 348),
(350, 349, 349, 349, 349, 349, 349),
(351, 350, 350, 350, 350, 350, 350),
(352, 351, 351, 351, 351, 351, 351),
(353, 352, 352, 352, 352, 352, 352),
(354, 353, 353, 353, 353, 353, 353),
(355, 354, 354, 354, 354, 354, 354),
(356, 355, 355, 355, 355, 355, 355),
(357, 356, 356, 356, 356, 356, 356),
(358, 357, 357, 357, 357, 357, 357),
(359, 358, 358, 358, 358, 358, 358),
(360, 359, 359, 359, 359, 359, 359),
(361, 360, 360, 360, 360, 360, 360),
(362, 361, 361, 361, 361, 361, 361),
(363, 362, 362, 362, 362, 362, 362),
(364, 363, 363, 363, 363, 363, 363),
(365, 364, 364, 364, 364, 364, 364),
(366, 365, 365, 365, 365, 365, 365),
(367, 366, 366, 366, 366, 366, 366),
(368, 367, 367, 367, 367, 367, 367),
(369, 368, 368, 368, 368, 368, 368),
(370, 369, 369, 369, 369, 369, 369),
(371, 370, 370, 370, 370, 370, 370),
(372, 371, 371, 371, 371, 371, 371),
(373, 372, 372, 372, 372, 372, 372),
(374, 373, 373, 373, 373, 373, 373),
(375, 374, 374, 374, 374, 374, 374),
(376, 375, 375, 375, 375, 375, 375),
(377, 376, 376, 376, 376, 376, 376),
(378, 377, 377, 377, 377, 377, 377),
(379, 378, 378, 378, 378, 378, 378),
(380, 379, 379, 379, 379, 379, 379),
(381, 380, 380, 380, 380, 380, 380),
(382, 381, 381, 381, 381, 381, 381),
(383, 382, 382, 382, 382, 382, 382),
(384, 383, 383, 383, 383, 383, 383),
(385, 384, 384, 384, 384, 384, 384),
(386, 385, 385, 385, 385, 385, 385),
(387, 386, 386, 386, 386, 386, 386),
(388, 387, 387, 387, 387, 387, 387),
(389, 388, 388, 388, 388, 388, 388),
(390, 389, 389, 389, 389, 389, 389),
(391, 390, 390, 390, 390, 390, 390),
(392, 391, 391, 391, 391, 391, 391),
(393, 392, 392, 392, 392, 392, 392),
(394, 393, 393, 393, 393, 393, 393),
(395, 394, 394, 394, 394, 394, 394),
(396, 395, 395, 395, 395, 395, 395),
(397, 396, 396, 396, 396, 396, 396),
(398, 397, 397, 397, 397, 397, 397),
(399, 398, 398, 398, 398, 398, 398),
(400, 399, 399, 399, 399, 399, 399);

-- --------------------------------------------------------

--
-- Estructura de tabla para la tabla `alumnos`
--

CREATE TABLE IF NOT EXISTS `alumnos` (
  `id_alumno` int(11) NOT NULL AUTO_INCREMENT,
  `nomalumno` varchar(25) DEFAULT NULL,
  `apalumno` varchar(25) DEFAULT NULL,
  `amalumno` varchar(25) DEFAULT NULL,
  `matricula` varchar(20) DEFAULT NULL,
  `id_tipoalumno` int(11) DEFAULT NULL,
  PRIMARY KEY (`id_alumno`),
  KEY `id_tipoalumno` (`id_tipoalumno`)
) ENGINE=InnoDB  DEFAULT CHARSET=latin1 AUTO_INCREMENT=401 ;

--
-- Volcado de datos para la tabla `alumnos`
--

INSERT INTO `alumnos` (`id_alumno`, `nomalumno`, `apalumno`, `amalumno`, `matricula`, `id_tipoalumno`) VALUES
(1, 'Kevin', 'Almanzaver', 'Olivaresver', '33921328', 1),
(2, 'Abadie', 'Calzadaver', 'Chamorrover', '37550334', 1),
(3, 'Tiara', 'Castresanaver', 'Azpiazuver', '46322443', 2),
(4, 'Willy', 'Agramuntver', 'Dueñasver', '668244801', 3),
(5, 'Vasilos', 'Lemosver', 'Barrantesver', '926450322', 4),
(6, 'Zeledon', 'Rubialesver', 'Almansaver', '324163285', 5),
(7, 'Zeus', 'Babianover', 'Lemosver', '861326772', 6),
(8, 'Igoa', 'Almanzaver', 'Cabellover', '877490365', 7),
(9, 'Ketty', 'Escobalver', 'Cárdenasver', '697900081', 8),
(10, 'Wolf', 'Escuderover', 'Novoaver', '757993047', 9),
(11, 'Steven', 'Neyraver', 'Aguinagaver', '842607762', 10),
(12, 'Vasiliki', 'Altamiranover', 'Cifuentesver', '301316131', 11),
(13, 'Xorxe', 'madridver', 'Arbeláezver', '622783306', 12),
(14, 'Cressida', 'Barrionuevover', 'Albacetever', '522024624', 13),
(15, 'Viveka', 'Bouffartver', 'Antúnezver', '278275957', 14),
(16, 'Wilfredo', 'Alvaradover', 'Santiago', '789344724', 15),
(17, 'Vay', 'deArcasver', 'Babianover', '970873972', 16),
(18, 'Warroo', 'Bandrésver', 'Burgosver', '75079245', 17),
(19, 'Willy', 'Carnerover', 'Aramburuver', '808292662', 18),
(20, 'Cre', 'Elejaldever', 'Bouffardver', '558625031', 19),
(21, 'Youri', 'Batalver', 'Baldenachesver', '222633838', 20),
(22, 'Viveka', 'Borbolver', 'Carnerover', '194751571', 21),
(23, 'Xorxe', 'Ahumadaver', 'Albénizver', '171680844', 22),
(24, 'Urtzi', 'Agramontver', 'Guirartever', '195352393', 23),
(25, 'Zera', 'Cisnerosver', 'Bouffardver', '757641803', 24),
(26, 'Stévina', 'deCastrover', 'Almansaver', '687898509', 25),
(27, 'Zelotes', 'Quiñonesver', 'Vahamonde', '359085448', 26),
(28, 'Socrate', 'Entralgover', 'Barbadover', '999797978', 27),
(29, 'Stevie', 'Cabreraver', 'Alemanyver', '699844162', 28),
(30, 'Yale', 'Ledesmaver', 'delClosver', '230601413', 29),
(31, 'Ulrika', 'deCerdaver', 'Almazánver', '933498358', 30),
(32, 'Yannel', 'Cansinover', 'Nogueiraver', '3380299', 31),
(33, 'Txeru', 'Castañosver', 'Escalonaver', '881726378', 32),
(34, 'Ademaro', 'deArcasver', 'Escobedover', '301515270', 33),
(35, 'Wilfried', 'Aguirrever', 'Egurbidever', '716639777', 34),
(36, 'Este', 'Aguirver', 'Apariciover', '286426226', 35),
(37, 'Rui', 'Borrellver', 'Olivaresver', '135981091', 36),
(38, 'Vivien', 'Ruedaver', 'Carbajalver', '805354034', 37),
(39, 'Zefirino', 'Quiñonesver', 'Castellóver', '858196151', 38),
(40, 'Xermán', 'Niñover', 'Cabellover', '605507652', 39),
(41, 'Uzuri', 'Cabalver', 'Arboleyaver', '144759144', 40),
(42, 'Tevaite', 'Azpiazuver', 'Cadalsover', '653413455', 41),
(43, 'Xylon', 'Santiago', 'Barberáver', '795085444', 42),
(44, 'Varick', 'Elizaldever', 'Agazonesver', '951801046', 43),
(45, 'Hollis', 'Saavedraver', 'deCerdaver', '543314263', 44),
(46, 'Ignazio', 'Barbaránver', 'Barrantesver', '901613440', 45),
(47, 'Utu', 'Albertínver', 'Bouffartver', '156669042', 46),
(48, 'Caitan', 'Ceaver', 'Becerraver', '260375897', 47),
(49, 'Xylona', 'Saavedraver', 'Basconesver', '162238954', 48),
(50, 'Gardotza', 'Barrosover', 'Bassolsver', '827122956', 49),
(51, 'Bérangère', 'Barbaránver', 'Niñover', '52704658', 50),
(52, 'Otis', 'Apontever', 'Almanzaver', '684969764', 51),
(53, 'Ignazio', 'Castañerver', 'Almansaver', '850939712', 52),
(54, 'Zumar', 'Becerraver', 'Calderaver', '791985748', 53),
(55, 'Tevaite', 'Espinosaver', 'Carbonéver', '588163340', 54),
(56, 'Warner', 'Bouffartver', 'Azcáratever', '900397997', 55),
(57, 'Zettie', 'Duerover', 'Caminerover', '257491860', 56),
(58, 'Cristal', 'Elizaldever', 'Balseraver', '376192737', 57),
(59, 'Zigor', 'Belleraver', 'Albornozver', '360087089', 58),
(60, 'Edwige', 'Bañosver', 'masver', '510832262', 59),
(61, 'Zaida', 'Ballesterover', 'Cabezónver', '473387842', 60),
(62, 'Xenos', 'Cárdenasver', 'Agazonesver', '342622803', 61),
(63, 'Zander', 'Albertover', 'Basconesver', '821966442', 62),
(64, 'Wendy', 'Borrajover', 'Carbajalver', '164608868', 63),
(65, 'Wilfrid', 'delClosver', 'Calvover', '107159240', 64),
(66, 'Utba', 'Donisver', 'ODonellver', '22425202', 65),
(67, 'Isana', 'Esconover', 'Escobedover', '869719877', 66),
(68, 'Zado', 'Agustínver', 'Guiraover', '250517019', 67),
(69, 'Ange', 'Cabezónver', 'Agustinaver', '114422467', 68),
(70, 'Wilfrid', 'Ribasver', 'Santosver', '789392672', 69),
(71, 'Werner', 'Barrosover', 'Campanaver', '968234604', 70),
(72, 'Serafín', 'Cifontesver', 'Carnerover', '357191841', 71),
(73, 'Victor', 'Busquetsver', 'Godoyver', '414194157', 72),
(74, 'Diana', 'Olivaresver', 'Cabañasver', '335967330', 73),
(75, 'Vid', 'Barcover', 'Niñover', '34037680', 74),
(76, 'Zajaruyya', 'Carbajalver', 'Almeidaver', '739271434', 75),
(77, 'Isaura', 'Barbierver', 'Sanjurjover', '365415204', 76),
(78, 'Ursino', 'Almansaver', 'Herasver', '32777821', 77),
(79, 'Xildas', 'Goyanesver', 'Duránver', '646668027', 78),
(80, 'Xabier', 'Basconesver', 'Avidavever', '570848138', 79),
(81, 'Zenos', 'Brionesver', 'Albacetever', '174885733', 80),
(82, 'Yves', 'Castañosver', 'Camposver', '60935000', 81),
(83, 'Uxía', 'ODonojúver', 'Rivasver', '550707289', 82),
(84, 'Talia', 'Barnuevover', 'Allendever', '41033333', 83),
(85, 'Gardotza', 'Becerrilver', 'Santiago', '679259084', 84),
(86, 'Uta', 'Cabezasver', 'Barrionuevover', '262661042', 85),
(87, 'Rond', 'Alcoleaver', 'Caldeiraver', '454520311', 86),
(88, 'Tom', 'Escalonaver', 'Brugueraver', '998424129', 87),
(89, 'Zeno', 'Babianover', 'Baptistaver', '120875412', 88),
(90, 'Edwin', 'ODonellver', 'Vahamonde', '812346884', 89),
(91, 'Serena', 'Ansúrezver', 'Santiago', '487160146', 90),
(92, 'Zenos', 'Nogueiraver', 'Ribasver', '851335150', 91),
(93, 'Zeledon', 'Lemaver', 'Cifontesver', '254086726', 92),
(94, 'Uxío', 'Dobsver', 'Rubialesver', '364093408', 93),
(95, 'Williams', 'Casanzver', 'Carrascover', '66606969', 94),
(96, 'Zelma', 'Espinosaver', 'Basconesver', '539140285', 95),
(97, 'Aretha', 'Bañosver', 'Brionesver', '913853857', 96),
(98, 'Xilda', 'Almanzaver', 'Albacetever', '665519457', 97),
(99, 'Yannis', 'Abainaver', 'Arandiaver', '943836434', 98),
(100, 'Yaelle', 'Lermaver', 'Alcarazver', '827183588', 99),
(101, 'Abdel', 'Espinosaver', 'Calderaver', '480796918', 100),
(102, 'Eluska', 'Domingover', 'Dorantesver', '917402836', 101),
(103, 'Yusuf', 'Esconover', 'Guirartever', '544538194', 102),
(104, 'Zigor', 'Escaviasver', 'Baptistaver', '646900384', 103),
(105, 'Igoa', 'Brandisver', 'Riberaver', '419251346', 104),
(106, 'Viviane', 'Quintanaver', 'Callejaver', '599213045', 105),
(107, 'Velko', 'Carmonaver', 'Escuderover', '707032202', 106),
(108, 'Vilhelm', 'Aenllover', 'Guirartever', '376758285', 107),
(109, 'Yvan', 'Bacaraver', 'Caldeiraver', '398466310', 108),
(110, 'Gares', 'Ruedaver', 'Duerover', '951576624', 109),
(111, 'Uyendo', 'Saavedraver', 'Cabezasver', '725162273', 110),
(112, 'Zenobia', 'Carbajalver', 'Kindelánver', '950380958', 111),
(113, 'Yvaine', 'Ballesterover', 'Becerrilver', '942200697', 112),
(114, 'Zoil', 'Barrantesver', 'Elejaldever', '352895269', 113),
(115, 'Zeth', 'Cabellover', 'Borrellver', '126517463', 114),
(116, 'Xerardo', 'Escuderover', 'Carbajalver', '473005657', 115),
(117, 'Tom', 'Alcarazver', 'Cadalsover', '882551663', 116),
(118, 'Yaelle', 'Chacónver', 'Aguirver', '30987272', 117),
(119, 'Edwige', 'Novoaver', 'Olmover', '620835333', 118),
(120, 'Xylina', 'Ballesterover', 'Cancinover', '518020941', 119),
(121, 'Igoa', 'Bécquerver', 'Barberáver', '128697801', 120),
(122, 'Zoello', 'Barahonaver', 'Guirartever', '27620442', 121),
(123, 'Cassandra', 'Brugueraver', 'Barbadover', '585986953', 122),
(124, 'Kevin', 'Balzover', 'Escuderover', '870789247', 123),
(125, 'Isana', 'Neyraver', 'Andradever', '388062545', 124),
(126, 'Domingo', 'Barbadover', 'Afrontesver', '477916944', 125),
(127, 'Tony', 'Barbadover', 'Carrascover', '524970235', 126),
(128, 'Otis', 'Castrover', 'Chávarriver', '819939292', 127),
(129, 'Abdel', 'Canilsver', 'Doménechver', '635608832', 128),
(130, 'Rogerio', 'Areilzaver', 'Carballover', '539356883', 129),
(131, 'Zuzen', 'Balboaver', 'Almansaver', '307478295', 130),
(132, 'June', 'Cañasver', 'Borrellver', '687900355', 131),
(133, 'Perline', 'Azpiazuver', 'Donisver', '629861747', 132),
(134, 'Vanio', 'Albertínver', 'Calzadaver', '332554895', 133),
(135, 'Otis', 'Alcarazver', 'Bahamondever', '72212988', 134),
(136, 'Gullo', 'Alegríaver', 'Callejaver', '156563575', 135),
(137, 'Oliver', 'Aellever', 'Alicantever', '218661270', 136),
(138, 'Zeru', 'Cadalsover', 'Aguileraver', '746455382', 137),
(139, 'Willem', 'Cabralesver', 'Albornozver', '293699423', 138),
(140, 'Vicenzo', 'Guitarraver', 'Arandiaver', '217077213', 139),
(141, 'Zefirino', 'Bañosver', 'Saavedraver', '91024883', 140),
(142, 'Vamano', 'Carnicerover', 'Escamaver', '990047195', 141),
(143, 'Zanthe', 'Abráldezver', 'Esquerdover', '877648032', 142),
(144, 'Garden', 'Escadaver', 'gover', '536304501', 143),
(145, 'Bérangère', 'Chicover', 'Aguirver', '833636019', 144),
(146, 'Xoana', 'Bellpuigver', 'Almuniaver', '846485444', 145),
(147, 'Kurao', 'Herasver', 'Alvaradover', '780323312', 146),
(148, 'Wanda', 'Brugueraver', 'Agramontver', '656936795', 147),
(149, 'Utu', 'Adiónver', 'Elizondover', '283621254', 148),
(150, 'Zenobia', 'Careagaver', 'Carrascover', '324239596', 149),
(151, 'Vanio', 'Ballerover', 'Dobsver', '90247241', 150),
(152, 'Zeru', 'Ceballosver', 'Agarver', '446111451', 151),
(153, 'Yale', 'Escobarver', 'Esquerdover', '565240286', 152),
(154, 'Abbud', 'Carbaxalver', 'Barrionuevover', '7611678', 153),
(155, 'Utba', 'Balseraver', 'Agarver', '537590433', 154),
(156, 'Perrando', 'Escobarver', 'Castejónver', '443061632', 155),
(157, 'Roger', 'Ribellesver', 'Ansúrezver', '781794264', 156),
(158, 'Tidian', 'Rubialesver', 'Burgosver', '480691163', 157),
(159, 'Tidian', 'Carrillover', 'Aragonésver', '249199105', 158),
(160, 'Ywen', 'Cansinover', 'Carriónver', '753914972', 159),
(161, 'Hollis', 'Campillover', 'Carrascover', '81288970', 160),
(162, 'Yvonne', 'Bonapartver', 'Apontever', '444199876', 161),
(163, 'Wolf', 'Dueñasver', 'Castresanaver', '28322451', 162),
(164, 'Zeledon', 'Antuñanover', 'Sanjurjover', '450054561', 163),
(165, 'U', 'Ajofrínver', 'Bañosver', '402141741', 164),
(166, 'Abban', 'Cabalver', 'Ceaver', '891294361', 165),
(167, 'Cassandra', 'Borrajover', 'Azcáratever', '647643038', 166),
(168, 'Theodora', 'Adelmónver', 'Arandaver', '632241311', 167),
(169, 'Cressida', 'Cobover', 'Caldeiraver', '224639769', 168),
(170, 'Xena', 'Agustinaver', 'Cepedaver', '150671674', 169),
(171, 'Uillioc', 'Canilsver', 'Alcocerver', '416313737', 170),
(172, 'Yale', 'Ballerover', 'Anguitaver', '105990084', 171),
(173, 'Isabelle', 'Campover', 'deArcasver', '292366023', 172),
(174, 'Sofia', 'Baptistaver', 'Areilzaver', '60839', 173),
(175, 'Tienette', 'Caparrósver', 'Albornozver', '677367448', 174),
(176, 'Yveline', 'Cabralesver', 'Almazánver', '177589735', 175),
(177, 'Berart', 'Elizaldever', 'Rivasver', '701727581', 176),
(178, 'Zorba', 'Barnuevover', 'Afrontesver', '750190105', 177),
(179, 'Myrtille', 'Espinosaver', 'Albertínver', '273626370', 178),
(180, 'Tamara', 'Barberáver', 'Bañosver', '476758927', 179),
(181, 'Vicenzo', 'Ballesterover', 'Cifuentesver', '752359335', 180),
(182, 'Zinaida', 'Heraver', 'Castillover', '641687328', 181),
(183, 'Xabat', 'Acevedover', 'Niñover', '834728426', 182),
(184, 'William', 'Bustosver', 'Almarazver', '109618099', 183),
(185, 'Diana', 'Castañosver', 'Bandrésver', '598956968', 184),
(186, 'Zena', 'Cisnerosver', 'Chicover', '617963610', 185),
(187, 'Kevin', 'Alberdiver', 'Cerdaver', '425053629', 186),
(188, 'Ursa', 'Carmonaver', 'Antuñanover', '383882062', 187),
(189, 'Zac', 'Ballesterover', 'Godoyver', '456454733', 188),
(190, 'Urraca', 'Albertínver', 'Carballover', '833576488', 189),
(191, 'Adelphos', 'ODonellver', 'Acevedover', '752650999', 190),
(192, 'Xoana', 'Belleraver', 'Bejaranover', '882905123', 191),
(193, 'Zigor', 'Agazonesver', 'Dorantesver', '149141282', 192),
(194, 'Wes', 'Abellánver', 'Baquerover', '836833375', 193),
(195, 'Xenerosa', 'Bellocsver', 'Carbaxalver', '554818614', 194),
(196, 'Zuriko', 'Castañosver', 'Roaver', '14805530', 195),
(197, 'Ange', 'Ríosver', 'Aimerichver', '103345623', 196),
(198, 'Eduvixes', 'Agazonesver', 'Elejaldever', '449886828', 197),
(199, 'Vilhelm', 'Cabalver', 'Ansúrezver', '272999821', 198),
(200, 'Zenobio', 'Careagaver', 'Cabellover', '477857505', 199),
(201, 'Xaime', 'Carrerasver', 'Basconesver', '452882706', 200),
(202, 'Uric', 'Catravaver', 'Almeidaver', '735751918', 201),
(203, 'Thâbet', 'Acevedover', 'Barberáver', '324749385', 202),
(204, 'Uillioc', 'Cifontesver', 'Agustinaver', '900644464', 203),
(205, 'Isana', 'Arbeláezver', 'Balboaver', '774409793', 204),
(206, 'Urtzi', 'Baptistaver', 'Serna', '705768436', 205),
(207, 'Xenia', 'Saavedraver', 'Ríosver', '89111137', 206),
(208, 'Aude', 'Escobalver', 'Aceijaver', '116115466', 207),
(209, 'Cressida', 'Adamever', 'Becerraver', '497817514', 208),
(210, 'Viveka', 'Ballerover', 'delClosver', '239809655', 209),
(211, 'Ketty', 'Cañasver', 'Ledesmaver', '707992054', 210),
(212, 'Yanis', 'Barrantesver', 'Andradever', '698615676', 211),
(213, 'Edwin', 'gover', 'Bellocsver', '691482941', 212),
(214, 'Yannick', 'Borrajover', 'Barrosover', '55255314', 213),
(215, 'Zinaida', 'Ajofrínver', 'Anguitaver', '572131530', 214),
(216, 'Wendell', 'Carmonaver', 'Azorerover', '506161198', 215),
(217, 'Kristy', 'Abrilver', 'Aracielver', '921450636', 216),
(218, 'Zuzen', 'Bagaríaver', 'Baptistaver', '446216702', 217),
(219, 'Viveka', 'Alcoleaver', 'Afrontesver', '953174401', 218),
(220, 'Yale', 'Cáceresver', 'madridver', '181571314', 219),
(221, 'Varden', 'Olivaresver', 'Carbonéver', '819679639', 220),
(222, 'Vanessa', 'Azcáratever', 'Batistaver', '393952751', 221),
(223, 'Tiara', 'Bañosver', 'Domingover', '53355157', 222),
(224, 'Tienette', 'Barahonaver', 'Aramburuver', '988144813', 223),
(225, 'Tiffany', 'Rubialesver', 'Caminerover', '690869113', 224),
(226, 'Viveka', 'deArcasver', 'Agustínver', '509282061', 225),
(227, 'Berart', 'Ansúrezver', 'Caparrósver', '415084056', 226),
(228, 'Ximun', 'Bastidaver', 'Becerraver', '319351008', 227),
(229, 'Zoilo', 'Campillover', 'Kindelánver', '785622353', 228),
(230, 'Zelia', 'Arbeláezver', 'Bañosver', '364016172', 229),
(231, 'Diana', 'Carvajalver', 'Bouffartver', '105371995', 230),
(232, 'Tom', 'Ribellesver', 'Altamiranover', '478625637', 231),
(233, 'Vamano', 'Aceijaver', 'Barnuevover', '913022461', 232),
(234, 'Williams', 'Barahonaver', 'Carrillover', '651381686', 233),
(235, 'Zeth', 'Guirartever', 'Carnicerover', '373357948', 234),
(236, 'Xanthe', 'Egurbidever', 'Vahamonde', '797935879', 235),
(237, 'Uhin', 'Calvover', 'Ansúrezver', '384852886', 236),
(238, 'Tom', 'Cabralesver', 'Careagaver', '869317565', 237),
(239, 'Tevaite', 'Burgosver', 'Cabreraver', '988472608', 238),
(240, 'Norbert', 'Bécquerver', 'Arboleyaver', '684421887', 239),
(241, 'Urtzi', 'Cabezónver', 'Baptistaver', '281938276', 240),
(242, 'Isadora', 'Quitueraver', 'Aguinagaver', '89406182', 241),
(243, 'Tori', 'Aracielver', 'Castejónver', '83479320', 242),
(244, 'Zaida', 'Ledesmaver', 'Agazonesver', '287535505', 243),
(245, 'Zandra', 'Albornozver', 'Quintanaver', '307855255', 244),
(246, 'Viviane', 'Campanaver', 'Heraver', '9911915', 245),
(247, 'Urre', 'Araucoaver', 'Baquerover', '294581803', 246),
(248, 'Urko', 'Carrascover', 'Adiónver', '253364583', 247),
(249, 'Ange', 'Agustinaver', 'Cabellover', '201502533', 248),
(250, 'Vivien', 'Azpiazuver', 'Giraldover', '407945799', 249),
(251, 'Yuhannà', 'Barahonaver', 'Bartomeuver', '325539776', 250),
(252, 'Edurtzeta', 'Ajofrínver', 'Agustinaver', '268302292', 251),
(253, 'Victoro', 'Balboaver', 'Cabezónver', '721965603', 252),
(254, 'Zarek', 'Almazánver', 'Escadaver', '206597917', 253),
(255, 'Lewis', 'Quiñonesver', 'Escamaver', '875455965', 254),
(256, 'Urtzi', 'Bautistaver', 'Almarazver', '399129281', 255),
(257, 'Zado', 'Alegríaver', 'Albornozver', '772325513', 256),
(258, 'Vasilios', 'Echanovever', 'Alcocerver', '969463848', 257),
(259, 'Xurxo', 'Almazánver', 'Ajofrínver', '785322282', 258),
(260, 'Edurtzeta', 'Carriónver', 'Heraver', '827775169', 259),
(261, 'Wesley', 'Alcarazver', 'Bustover', '173653357', 260),
(262, 'Thomasa', 'Cabezónver', 'Castelnosver', '946208583', 261),
(263, 'Zoil', 'Arbeláezver', 'Bautistaver', '559587052', 262),
(264, 'Zuhaitz', 'Caparrósver', 'Antuñanover', '604825856', 263),
(265, 'Ulva', 'Almanzaver', 'Kindelánver', '504917093', 264),
(266, 'Yohann', 'Kindelánver', 'Aceraver', '880051962', 265),
(267, 'Xise', 'Agazonesver', 'Anguitaver', '693294345', 266),
(268, 'Aretha', 'Cárcamover', 'Arandaver', '579216718', 267),
(269, 'Melody', 'Alberasver', 'Kindelánver', '421790633', 268),
(270, 'Myron', 'Betrónver', 'Aellosver', '324930655', 269),
(271, 'Wilfredo', 'delClosver', 'Arboleyaver', '2413575', 270),
(272, 'Gardotza', 'Donisver', 'Escobarver', '906952729', 271),
(273, 'Socrates', 'Anduezaver', 'Roaver', '648866319', 272),
(274, 'Serafín', 'Carmonaver', 'Almarazver', '706635571', 273),
(275, 'Wayne', 'Azorerover', 'Ajofrínver', '789005073', 274),
(276, 'Zeva', 'Ríosver', 'Barrantesver', '42684528', 275),
(277, 'Uzeil', 'Abráldezver', 'Almuniaver', '984518923', 276),
(278, 'Vara', 'Ballerover', 'Aguinagaver', '917035991', 277),
(279, 'Todor', 'Andradaver', 'Albornozver', '900326887', 278),
(280, 'Uzuri', 'Ceballosver', 'Caparrósver', '640396288', 279),
(281, 'Roi', 'Barcover', 'Bellochver', '176598712', 280),
(282, 'Zelia', 'Alicantever', 'deCerdaver', '159496520', 281),
(283, 'Velko', 'Lemosver', 'Cabralesver', '389459702', 282),
(284, 'Zuri', 'Roaver', 'masver', '801168664', 283),
(285, 'Wilbero', 'Albornozver', 'Carrillover', '49557960', 284),
(286, 'Urtzi', 'Brugueraver', 'Dorantesver', '793241892', 285),
(287, 'Jinny', 'Baldenachesver', 'Busquetsver', '698042174', 286),
(288, 'Uyendo', 'Campover', 'Arandiaver', '675236519', 287),
(289, 'Varden', 'Aguinagaver', 'Abráldezver', '962413972', 288),
(290, 'Zeledon', 'Busquetsver', 'Bellpuigver', '641164714', 289),
(291, 'William', 'Caldeiraver', 'Barbadover', '847468140', 290),
(292, 'Xorxe', 'Alcocerver', 'Acevedover', '307726397', 291),
(293, 'Ademaro', 'Anzónver', 'Cancinover', '84280338', 292),
(294, 'Yvonne', 'Escuderover', 'Alicantever', '352376762', 293),
(295, 'Varden', 'Cabezónver', 'Kindelánver', '255199937', 294),
(296, 'Este', 'Chicover', 'Barrionuevover', '272199638', 295),
(297, 'Yago', 'Santiagover', 'Castañosver', '616055619', 296),
(298, 'Steven', 'Santiago', 'Basconesver', '40495985', 297),
(299, 'Uzuri', 'Rubialesver', 'Quirogaver', '70679802', 298),
(300, 'Caitlin', 'Abengozaver', 'Ahumadaver', '112579102', 299),
(301, 'Victoro', 'Castañerver', 'Agazonesver', '28311336', 300),
(302, 'Yahya', 'Agustinaver', 'Arboleyaver', '5635310', 301),
(303, 'Zoello', 'Becerrilver', 'Borbolver', '34395511', 302),
(304, 'Hodeiza', 'Redondover', 'Adiónver', '650782389', 303),
(305, 'Steven', 'Castejónver', 'Almansaver', '541262196', 304),
(306, 'Ubayda', 'Albornozver', 'Acevedover', '18019404', 305),
(307, 'Werner', 'Cobosver', 'Arandaver', '116016847', 306),
(308, 'Yonathan', 'Barrionuevover', 'Olmedover', '932331210', 307),
(309, 'Hollis', 'Afrontesver', 'Aguirrever', '296898973', 308),
(310, 'Guisto', 'Bretónver', 'Banyulsver', '501165001', 309),
(311, 'Walce', 'Bustosver', 'Aceraver', '891782284', 310),
(312, 'Ywen', 'CánovasverMurcia', 'Chávarriver', '161232805', 311),
(313, 'Yan', 'Brionesver', 'Aceínver', '708511542', 312),
(314, 'Roger', 'Requenaver', 'Elejaldever', '797921216', 313),
(315, 'Zorba', 'Clementever', 'Crianaver', '823177808', 314),
(316, 'Eluska', 'Riberaver', 'Nietover', '366154935', 315),
(317, 'Melita', 'Bandamaver', 'Campoover', '651773940', 316),
(318, 'Thomasa', 'Roaver', 'Barnuevover', '929422511', 317),
(319, 'Zara', 'Agarver', 'Sazarver', '19417053', 318),
(320, 'Ward', 'Barcover', 'Ahumadaver', '285465993', 319),
(321, 'Kurt', 'Carrillover', 'Areilzaver', '368992602', 320),
(322, 'Willem', 'Abellánver', 'Antuñanover', '901626529', 321),
(323, 'Uta', 'Bellpuigver', 'Cabellover', '949109446', 322),
(324, 'Norbert', 'Salgadover', 'Carbajalver', '536660262', 323),
(325, 'Stevie', 'Bustover', 'Cárdenasver', '314970397', 324),
(326, 'Zenos', 'Aceínver', 'Antolínezver', '927704676', 325),
(327, 'Vanyo', 'Cabezónver', 'Agazonesver', '769324806', 326),
(328, 'Viveka', 'Brugueraver', 'Albénizver', '354861304', 327),
(329, 'Talos', 'Romayver', 'Godoyver', '741444955', 328),
(330, 'Wilbero', 'Cárdenasver', 'Agustinaver', '570043168', 329),
(331, 'Ulbrecht', 'Chacónver', 'Antúnezver', '453359282', 330),
(332, 'Urre', 'Escuderover', 'Bejaranover', '823637495', 331),
(333, 'Ulrico', 'Bellochver', 'Quitueraver', '428673148', 332),
(334, 'Shei', 'Ansorenaver', 'Aldanaver', '322834634', 333),
(335, 'Xenia', 'Abrinesver', 'Alcoleaver', '848626897', 334),
(336, 'Wes', 'Brugueraver', 'Albertover', '531539334', 335),
(337, 'Xanthe', 'Serna', 'Olmover', '875087238', 336),
(338, 'Xylia', 'Albertiver', 'Barraver', '91726064', 337),
(339, 'Thorald', 'Quintanaver', 'Alcoleaver', '131364951', 338),
(340, 'Zebina', 'Abráldezver', 'Kindelánver', '69423319', 339),
(341, 'Isabelle', 'Quinterover', 'Carvajalver', '966350141', 340),
(342, 'Xena', 'Olmover', 'Albacetever', '154784868', 341),
(343, 'Yaiza', 'Guirartever', 'Baquerover', '208625820', 342),
(344, 'Ubayda', 'Alberdiver', 'Barnuevover', '140708427', 343),
(345, 'Joan', 'deCastrover', 'Escalonaver', '793826701', 344),
(346, 'Hollis', 'Carmonaver', 'Carranzaver', '62754070', 345),
(347, 'Yuhannà', 'Carnicerover', 'Escuderover', '396203033', 346),
(348, 'Tess', 'Balzover', 'Carvajalver', '119888738', 347),
(349, 'Viviana', 'Barbaránver', 'Lemaver', '339479933', 348),
(350, 'Steven', 'Duránver', 'Campover', '411066905', 349),
(351, 'Yuri', 'Castelnosver', 'Burgueraver', '483620967', 350),
(352, 'U', 'Cañasver', 'Areilzaver', '915315387', 351),
(353, 'Vd', 'Aldehuever', 'Arboledaver', '359966255', 352),
(354, 'Gardotza', 'Carbaxalver', 'Araucoaver', '314068198', 353),
(355, 'Volker', 'Guiraover', 'Betrónver', '315195684', 354),
(356, 'Zanthe', 'Azpiazuver', 'Carbajalver', '849521348', 355),
(357, 'Joan', 'Lermaver', 'Barretover', '74123652', 356),
(358, 'Uyendo', 'Ágredaver', 'Escaviasver', '209952359', 357),
(359, 'Garibaldo', 'Andradaver', 'Campillover', '105063552', 358),
(360, 'Willem', 'Aldanaver', 'Aldehuever', '429744772', 359),
(361, 'June', 'Almazánver', 'Basconesver', '216808685', 360),
(362, 'Yvonne', 'Arcónver', 'Alberdiver', '335962161', 361),
(363, 'Toumas', 'Barrosover', 'Aceijaver', '804285098', 362),
(364, 'Rond', 'Escobedover', 'Bellpuigver', '93315976', 363),
(365, 'Isadora', 'Baquerover', 'Andradaver', '227584995', 364),
(366, 'Mela', 'Carvajalver', 'Agarver', '364983049', 365),
(367, 'Victoria', 'Escobedover', 'Apontever', '43099823', 366),
(368, 'Veikko', 'Barcover', 'Borrajover', '901511800', 367),
(369, 'Zettie', 'Dueñasver', 'Bejaranover', '347257289', 368),
(370, 'Lewis', 'Carmonaver', 'Apariciover', '204816567', 369),
(371, 'Tienette', 'Anduezaver', 'Arandaver', '715283490', 370),
(372, 'U', 'Alvaradover', 'Adamever', '818599644', 371),
(373, 'Wassi', 'Cabellover', 'Burgueraver', '153543681', 372),
(374, 'Tom', 'Calvover', 'Ágredaver', '415293033', 373),
(375, 'Gardotza', 'Balzover', 'Ledesmaver', '442823995', 374),
(376, 'Isadora', 'Cabañasver', 'Agazonesver', '250855834', 375),
(377, 'Lewis', 'Escobalver', 'Albornozver', '264913276', 376),
(378, 'Zale', 'Cervetosver', 'Ribellesver', '346635159', 377),
(379, 'Rogerio', 'Olivover', 'Ahumadaver', '407195771', 378),
(380, 'Federico', 'Albertiver', 'Espinosaver', '270338237', 379),
(381, 'Yohann', 'Batalver', 'Elizondover', '868798538', 380),
(382, 'Xurxo', 'Guirartever', 'Betrónver', '735939802', 381),
(383, 'Xalbador', 'Sanjurjover', 'Acorelver', '604185475', 382),
(384, 'Xusto', 'Almazánver', 'Apontever', '874962283', 383),
(385, 'Myrtille', 'Escuderover', 'Anguianover', '777977242', 384),
(386, 'Zeledon', 'Barraver', 'Escadaver', '805880976', 385),
(387, 'Ximun', 'Riberaver', 'Saavedraver', '671524049', 386),
(388, 'Xandy', 'Esconover', 'Bécquerver', '502213071', 387),
(389, 'Warroo', 'Domingover', 'Donisver', '200416754', 388),
(390, 'Uillioc', 'Niñover', 'Alicantever', '974812289', 389),
(391, 'Zeru', 'Aragonésver', 'Cabañasver', '649194972', 390),
(392, 'Yonde', 'Anguianover', 'Calderaver', '587042096', 391),
(393, 'Zorba', 'Carrascover', 'Castelnosver', '398904256', 392),
(394, 'Zenia', 'Abráldezver', 'Bustover', '864618298', 393),
(395, 'Vicky', 'Santosver', 'Andradever', '377299478', 394),
(396, 'Yvette', 'Kindelánver', 'Agazonesver', '996416020', 395),
(397, 'Xabier', 'Almazánver', 'gover', '144105703', 396),
(398, 'Zena', 'Anzónver', 'Almagrover', '19628272', 397),
(399, 'Joana', 'Carvajalver', 'Cisnerosver', '467147298', 398),
(400, 'Lewis', 'Castañerver', 'Anguitaver', '579714820', 399);

-- --------------------------------------------------------

--
-- Estructura de tabla para la tabla `asistencias`
--

CREATE TABLE IF NOT EXISTS `asistencias` (
  `id_asistencia` int(11) NOT NULL AUTO_INCREMENT,
  `id_alumno` int(11) DEFAULT NULL,
  `id_tipoasistencia` int(11) DEFAULT NULL,
  `id_agrupacion` int(11) DEFAULT NULL,
  `fecha` date DEFAULT NULL,
  PRIMARY KEY (`id_asistencia`),
  KEY `id_alumno` (`id_alumno`),
  KEY `id_tipoasistencia` (`id_tipoasistencia`),
  KEY `id_agrupacion` (`id_agrupacion`)
) ENGINE=InnoDB  DEFAULT CHARSET=latin1 AUTO_INCREMENT=401 ;

--
-- Volcado de datos para la tabla `asistencias`
--

INSERT INTO `asistencias` (`id_asistencia`, `id_alumno`, `id_tipoasistencia`, `id_agrupacion`, `fecha`) VALUES
(1, 1, 1, 1, '2018-01-23'),
(2, 1, 1, 1, '2015-08-08'),
(3, 2, 2, 2, '2003-02-09'),
(4, 3, 3, 3, '2009-02-00'),
(5, 4, 4, 4, '2002-12-26'),
(6, 5, 5, 5, '2006-07-04'),
(7, 6, 6, 6, '2011-01-13'),
(8, 7, 7, 7, '2002-08-19'),
(9, 8, 8, 8, '2004-06-15'),
(10, 9, 9, 9, '2018-12-19'),
(11, 10, 10, 10, '2001-08-24'),
(12, 11, 11, 11, '2007-06-05'),
(13, 12, 12, 12, '2006-07-28'),
(14, 13, 13, 13, '2019-07-03'),
(15, 14, 14, 14, '2007-12-01'),
(16, 15, 15, 15, '2015-05-13'),
(17, 16, 16, 16, '2005-07-25'),
(18, 17, 17, 17, '2001-11-22'),
(19, 18, 18, 18, '2012-06-07'),
(20, 19, 19, 19, '2012-01-20'),
(21, 20, 20, 20, '2012-01-20'),
(22, 21, 21, 21, '2012-01-20'),
(23, 22, 22, 22, '2012-01-20'),
(24, 23, 23, 23, '2012-01-20'),
(25, 24, 24, 24, '2012-01-20'),
(26, 25, 25, 25, '2012-01-20'),
(27, 26, 26, 26, '2012-01-20'),
(28, 27, 27, 27, '2012-01-20'),
(29, 28, 28, 28, '2012-01-20'),
(30, 29, 29, 29, '2012-01-20'),
(31, 30, 30, 30, '2012-01-20'),
(32, 31, 31, 31, '2012-01-20'),
(33, 32, 32, 32, '2012-01-20'),
(34, 33, 33, 33, '2012-01-20'),
(35, 34, 34, 34, '2012-01-20'),
(36, 35, 35, 35, '2012-01-20'),
(37, 36, 36, 36, '2012-01-20'),
(38, 37, 37, 37, '2012-01-20'),
(39, 38, 38, 38, '2012-01-20'),
(40, 39, 39, 39, '2012-01-20'),
(41, 40, 40, 40, '2012-01-20'),
(42, 41, 41, 41, '2012-01-20'),
(43, 42, 42, 42, '2012-01-20'),
(44, 43, 43, 43, '2012-01-20'),
(45, 44, 44, 44, '2012-01-20'),
(46, 45, 45, 45, '2012-01-20'),
(47, 46, 46, 46, '2012-01-20'),
(48, 47, 47, 47, '2012-01-20'),
(49, 48, 48, 48, '2012-01-20'),
(50, 49, 49, 49, '2012-01-20'),
(51, 50, 50, 50, '2012-01-20'),
(52, 51, 51, 51, '2012-01-20'),
(53, 52, 52, 52, '2012-01-20'),
(54, 53, 53, 53, '2012-01-20'),
(55, 54, 54, 54, '2012-01-20'),
(56, 55, 55, 55, '2012-01-20'),
(57, 56, 56, 56, '2012-01-20'),
(58, 57, 57, 57, '2012-01-20'),
(59, 58, 58, 58, '2012-01-20'),
(60, 59, 59, 59, '2012-01-20'),
(61, 60, 60, 60, '2012-01-20'),
(62, 61, 61, 61, '2012-01-20'),
(63, 62, 62, 62, '2012-01-20'),
(64, 63, 63, 63, '2012-01-20'),
(65, 64, 64, 64, '2012-01-20'),
(66, 65, 65, 65, '2012-01-20'),
(67, 66, 66, 66, '2012-01-20'),
(68, 67, 67, 67, '2012-01-20'),
(69, 68, 68, 68, '2012-01-20'),
(70, 69, 69, 69, '2012-01-20'),
(71, 70, 70, 70, '2012-01-20'),
(72, 71, 71, 71, '2012-01-20'),
(73, 72, 72, 72, '2012-01-20'),
(74, 73, 73, 73, '2012-01-20'),
(75, 74, 74, 74, '2012-01-20'),
(76, 75, 75, 75, '2012-01-20'),
(77, 76, 76, 76, '2012-01-20'),
(78, 77, 77, 77, '2012-01-20'),
(79, 78, 78, 78, '2012-01-20'),
(80, 79, 79, 79, '2012-01-20'),
(81, 80, 80, 80, '2012-01-20'),
(82, 81, 81, 81, '2012-01-20'),
(83, 82, 82, 82, '2012-01-20'),
(84, 83, 83, 83, '2012-01-20'),
(85, 84, 84, 84, '2012-01-20'),
(86, 85, 85, 85, '2012-01-20'),
(87, 86, 86, 86, '2012-01-20'),
(88, 87, 87, 87, '2012-01-20'),
(89, 88, 88, 88, '2012-01-20'),
(90, 89, 89, 89, '2012-01-20'),
(91, 90, 90, 90, '2012-01-20'),
(92, 91, 91, 91, '2012-01-20'),
(93, 92, 92, 92, '2012-01-20'),
(94, 93, 93, 93, '2012-01-20'),
(95, 94, 94, 94, '2012-01-20'),
(96, 95, 95, 95, '2012-01-20'),
(97, 96, 96, 96, '2012-01-20'),
(98, 97, 97, 97, '2012-01-20'),
(99, 98, 98, 98, '2012-01-20'),
(100, 99, 99, 99, '2012-01-20'),
(101, 100, 100, 100, '2015-01-26'),
(102, 101, 101, 101, '2008-06-29'),
(103, 102, 102, 102, '2013-00-15'),
(104, 103, 103, 103, '2018-10-01'),
(105, 104, 104, 104, '2002-02-11'),
(106, 105, 105, 105, '2012-04-17'),
(107, 106, 106, 106, '2008-04-23'),
(108, 107, 107, 107, '2011-11-24'),
(109, 108, 108, 108, '2007-10-04'),
(110, 109, 109, 109, '2002-11-28'),
(111, 110, 110, 110, '2008-05-03'),
(112, 111, 111, 111, '2017-00-05'),
(113, 112, 112, 112, '2006-08-01'),
(114, 113, 113, 113, '2016-04-10'),
(115, 114, 114, 114, '2014-03-27'),
(116, 115, 115, 115, '2011-09-28'),
(117, 116, 116, 116, '2010-04-27'),
(118, 117, 117, 117, '2010-11-09'),
(119, 118, 118, 118, '2017-01-19'),
(120, 119, 119, 119, '2018-01-29'),
(121, 120, 120, 120, '2015-08-09'),
(122, 121, 121, 121, '2015-08-21'),
(123, 122, 122, 122, '2019-04-09'),
(124, 123, 123, 123, '2001-08-12'),
(125, 124, 124, 124, '2001-12-08'),
(126, 125, 125, 125, '2003-05-12'),
(127, 126, 126, 126, '2000-00-07'),
(128, 127, 127, 127, '2019-00-28'),
(129, 128, 128, 128, '2011-07-01'),
(130, 129, 129, 129, '2008-00-18'),
(131, 130, 130, 130, '2007-02-19'),
(132, 131, 131, 131, '2009-05-20'),
(133, 132, 132, 132, '2017-02-22'),
(134, 133, 133, 133, '2003-10-07'),
(135, 134, 134, 134, '2013-08-11'),
(136, 135, 135, 135, '2006-09-22'),
(137, 136, 136, 136, '2016-01-25'),
(138, 137, 137, 137, '2015-01-22'),
(139, 138, 138, 138, '2002-00-21'),
(140, 139, 139, 139, '2012-08-14'),
(141, 140, 140, 140, '2006-10-22'),
(142, 141, 141, 141, '2014-10-07'),
(143, 142, 142, 142, '2006-11-10'),
(144, 143, 143, 143, '2014-09-08'),
(145, 144, 144, 144, '2005-00-17'),
(146, 145, 145, 145, '2013-03-26'),
(147, 146, 146, 146, '2003-08-19'),
(148, 147, 147, 147, '2001-04-22'),
(149, 148, 148, 148, '2016-08-12'),
(150, 149, 149, 149, '2008-07-15'),
(151, 150, 150, 150, '2001-00-29'),
(152, 151, 151, 151, '2012-05-21'),
(153, 152, 152, 152, '2015-11-25'),
(154, 153, 153, 153, '2011-11-01'),
(155, 154, 154, 154, '2005-00-27'),
(156, 155, 155, 155, '2007-12-28'),
(157, 156, 156, 156, '2010-09-19'),
(158, 157, 157, 157, '2013-11-07'),
(159, 158, 158, 158, '2005-12-14'),
(160, 159, 159, 159, '2002-04-29'),
(161, 160, 160, 160, '2014-09-22'),
(162, 161, 161, 161, '2015-00-14'),
(163, 162, 162, 162, '2016-10-07'),
(164, 163, 163, 163, '2019-10-24'),
(165, 164, 164, 164, '2004-05-28'),
(166, 165, 165, 165, '2011-12-18'),
(167, 166, 166, 166, '2002-02-07'),
(168, 167, 167, 167, '2010-01-27'),
(169, 168, 168, 168, '2008-08-21'),
(170, 169, 169, 169, '2018-05-01'),
(171, 170, 170, 170, '2006-06-05'),
(172, 171, 171, 171, '2012-07-08'),
(173, 172, 172, 172, '2016-10-21'),
(174, 173, 173, 173, '2011-10-13'),
(175, 174, 174, 174, '2000-11-06'),
(176, 175, 175, 175, '2018-11-04'),
(177, 176, 176, 176, '2012-00-29'),
(178, 177, 177, 177, '2004-05-19'),
(179, 178, 178, 178, '2017-12-21'),
(180, 179, 179, 179, '2005-04-22'),
(181, 180, 180, 180, '2017-08-00'),
(182, 181, 181, 181, '2012-04-05'),
(183, 182, 182, 182, '2004-01-29'),
(184, 183, 183, 183, '2006-09-10'),
(185, 184, 184, 184, '2018-09-00'),
(186, 185, 185, 185, '2011-11-06'),
(187, 186, 186, 186, '2018-00-20'),
(188, 187, 187, 187, '2007-01-13'),
(189, 188, 188, 188, '2004-06-19'),
(190, 189, 189, 189, '2000-08-25'),
(191, 190, 190, 190, '2002-05-10'),
(192, 191, 191, 191, '2016-11-21'),
(193, 192, 192, 192, '2003-08-09'),
(194, 193, 193, 193, '2019-06-03'),
(195, 194, 194, 194, '2004-11-20'),
(196, 195, 195, 195, '2016-01-18'),
(197, 196, 196, 196, '2011-11-17'),
(198, 197, 197, 197, '2007-00-17'),
(199, 198, 198, 198, '2018-00-06'),
(200, 199, 199, 199, '2003-05-00'),
(201, 200, 200, 200, '2000-02-10'),
(202, 201, 201, 201, '2000-08-07'),
(203, 202, 202, 202, '2001-01-17'),
(204, 203, 203, 203, '2000-11-05'),
(205, 204, 204, 204, '2000-02-28'),
(206, 205, 205, 205, '2018-09-08'),
(207, 206, 206, 206, '2012-10-04'),
(208, 207, 207, 207, '2012-08-20'),
(209, 208, 208, 208, '2010-11-04'),
(210, 209, 209, 209, '2010-08-14'),
(211, 210, 210, 210, '2015-08-05'),
(212, 211, 211, 211, '2005-08-25'),
(213, 212, 212, 212, '2018-02-21'),
(214, 213, 213, 213, '2004-08-04'),
(215, 214, 214, 214, '2014-01-10'),
(216, 215, 215, 215, '2011-03-03'),
(217, 216, 216, 216, '2012-09-11'),
(218, 217, 217, 217, '2006-12-30'),
(219, 218, 218, 218, '2013-03-22'),
(220, 219, 219, 219, '2010-01-04'),
(221, 220, 220, 220, '2015-07-26'),
(222, 221, 221, 221, '2018-11-30'),
(223, 222, 222, 222, '2006-08-10'),
(224, 223, 223, 223, '2010-07-19'),
(225, 224, 224, 224, '2017-11-21'),
(226, 225, 225, 225, '2017-10-15'),
(227, 226, 226, 226, '2000-00-27'),
(228, 227, 227, 227, '2008-03-27'),
(229, 228, 228, 228, '2019-09-10'),
(230, 229, 229, 229, '2018-00-09'),
(231, 230, 230, 230, '2001-09-24'),
(232, 231, 231, 231, '2011-11-19'),
(233, 232, 232, 232, '2008-03-10'),
(234, 233, 233, 233, '2015-12-02'),
(235, 234, 234, 234, '2018-02-01'),
(236, 235, 235, 235, '2012-00-14'),
(237, 236, 236, 236, '2005-08-10'),
(238, 237, 237, 237, '2000-08-20'),
(239, 238, 238, 238, '2011-07-06'),
(240, 239, 239, 239, '2012-05-18'),
(241, 240, 240, 240, '2014-11-25'),
(242, 241, 241, 241, '2010-00-15'),
(243, 242, 242, 242, '2017-04-09'),
(244, 243, 243, 243, '2013-01-11'),
(245, 244, 244, 244, '2006-04-03'),
(246, 245, 245, 245, '2011-10-13'),
(247, 246, 246, 246, '2018-05-28'),
(248, 247, 247, 247, '2003-05-08'),
(249, 248, 248, 248, '2016-09-08'),
(250, 249, 249, 249, '2018-07-16'),
(251, 250, 250, 250, '2003-05-27'),
(252, 251, 251, 251, '2006-09-05'),
(253, 252, 252, 252, '2018-10-04'),
(254, 253, 253, 253, '2014-03-23'),
(255, 254, 254, 254, '2014-04-21'),
(256, 255, 255, 255, '2005-06-02'),
(257, 256, 256, 256, '2018-03-15'),
(258, 257, 257, 257, '2009-11-03'),
(259, 258, 258, 258, '2019-11-30'),
(260, 259, 259, 259, '2006-01-00'),
(261, 260, 260, 260, '2011-05-22'),
(262, 261, 261, 261, '2015-08-20'),
(263, 262, 262, 262, '2014-02-19'),
(264, 263, 263, 263, '2015-01-22'),
(265, 264, 264, 264, '2009-09-22'),
(266, 265, 265, 265, '2005-02-11'),
(267, 266, 266, 266, '2018-10-13'),
(268, 267, 267, 267, '2002-01-17'),
(269, 268, 268, 268, '2008-09-28'),
(270, 269, 269, 269, '2006-09-30'),
(271, 270, 270, 270, '2005-03-02'),
(272, 271, 271, 271, '2017-09-21'),
(273, 272, 272, 272, '2007-03-12'),
(274, 273, 273, 273, '2001-08-29'),
(275, 274, 274, 274, '2012-05-13'),
(276, 275, 275, 275, '2004-03-14'),
(277, 276, 276, 276, '2008-04-04'),
(278, 277, 277, 277, '2012-11-16'),
(279, 278, 278, 278, '2007-01-12'),
(280, 279, 279, 279, '2009-11-08'),
(281, 280, 280, 280, '2014-12-17'),
(282, 281, 281, 281, '2014-01-08'),
(283, 282, 282, 282, '2007-02-05'),
(284, 283, 283, 283, '2011-02-04'),
(285, 284, 284, 284, '2013-01-25'),
(286, 285, 285, 285, '2016-05-06'),
(287, 286, 286, 286, '2001-06-20'),
(288, 287, 287, 287, '2006-09-01'),
(289, 288, 288, 288, '2009-03-22'),
(290, 289, 289, 289, '2006-02-24'),
(291, 290, 290, 290, '2012-08-21'),
(292, 291, 291, 291, '2008-11-12'),
(293, 292, 292, 292, '0000-00-00'),
(294, 293, 293, 293, '2016-04-12'),
(295, 294, 294, 294, '2003-06-24'),
(296, 295, 295, 295, '2009-08-13'),
(297, 296, 296, 296, '2015-10-28'),
(298, 297, 297, 297, '2001-06-06'),
(299, 298, 298, 298, '2007-09-10'),
(300, 299, 299, 299, '2015-01-26'),
(301, 300, 300, 300, '2009-07-24'),
(302, 301, 301, 301, '2003-01-00'),
(303, 302, 302, 302, '2009-09-06'),
(304, 303, 303, 303, '2007-06-17'),
(305, 304, 304, 304, '2000-08-12'),
(306, 305, 305, 305, '2006-07-10'),
(307, 306, 306, 306, '2006-06-00'),
(308, 307, 307, 307, '2016-07-15'),
(309, 308, 308, 308, '2015-03-16'),
(310, 309, 309, 309, '2008-06-23'),
(311, 310, 310, 310, '2002-11-21'),
(312, 311, 311, 311, '2008-03-21'),
(313, 312, 312, 312, '2010-08-30'),
(314, 313, 313, 313, '2000-08-02'),
(315, 314, 314, 314, '2010-04-12'),
(316, 315, 315, 315, '2010-00-15'),
(317, 316, 316, 316, '2011-04-19'),
(318, 317, 317, 317, '2003-05-23'),
(319, 318, 318, 318, '2014-01-13'),
(320, 319, 319, 319, '2004-07-12'),
(321, 320, 320, 320, '2016-02-05'),
(322, 321, 321, 321, '2000-04-01'),
(323, 322, 322, 322, '2004-02-24'),
(324, 323, 323, 323, '2018-12-05'),
(325, 324, 324, 324, '2000-04-04'),
(326, 325, 325, 325, '2007-01-30'),
(327, 326, 326, 326, '2004-05-18'),
(328, 327, 327, 327, '2014-05-22'),
(329, 328, 328, 328, '2012-01-00'),
(330, 329, 329, 329, '2000-10-15'),
(331, 330, 330, 330, '2012-06-06'),
(332, 331, 331, 331, '2015-04-22'),
(333, 332, 332, 332, '2012-04-16'),
(334, 333, 333, 333, '2010-11-01'),
(335, 334, 334, 334, '2015-07-19'),
(336, 335, 335, 335, '2011-04-07'),
(337, 336, 336, 336, '2008-05-30'),
(338, 337, 337, 337, '2006-01-10'),
(339, 338, 338, 338, '2006-05-24'),
(340, 339, 339, 339, '2007-12-25'),
(341, 340, 340, 340, '2011-04-11'),
(342, 341, 341, 341, '2018-06-23'),
(343, 342, 342, 342, '2019-00-26'),
(344, 343, 343, 343, '2007-10-08'),
(345, 344, 344, 344, '2013-11-01'),
(346, 345, 345, 345, '2017-01-05'),
(347, 346, 346, 346, '2011-05-21'),
(348, 347, 347, 347, '2010-05-12'),
(349, 348, 348, 348, '2007-10-20'),
(350, 349, 349, 349, '2015-07-27'),
(351, 350, 350, 350, '2006-06-10'),
(352, 351, 351, 351, '2000-08-26'),
(353, 352, 352, 352, '2008-04-10'),
(354, 353, 353, 353, '2000-08-28'),
(355, 354, 354, 354, '2014-00-00'),
(356, 355, 355, 355, '2015-08-15'),
(357, 356, 356, 356, '2004-00-09'),
(358, 357, 357, 357, '2013-01-26'),
(359, 358, 358, 358, '2004-07-00'),
(360, 359, 359, 359, '2017-09-20'),
(361, 360, 360, 360, '2001-05-21'),
(362, 361, 361, 361, '2009-10-24'),
(363, 362, 362, 362, '2009-10-09'),
(364, 363, 363, 363, '2011-12-17'),
(365, 364, 364, 364, '2010-04-21'),
(366, 365, 365, 365, '2000-09-26'),
(367, 366, 366, 366, '2000-09-17'),
(368, 367, 367, 367, '2007-10-13'),
(369, 368, 368, 368, '2006-04-15'),
(370, 369, 369, 369, '2001-00-09'),
(371, 370, 370, 370, '2006-10-19'),
(372, 371, 371, 371, '2002-11-04'),
(373, 372, 372, 372, '2018-11-23'),
(374, 373, 373, 373, '2011-02-02'),
(375, 374, 374, 374, '2010-04-04'),
(376, 375, 375, 375, '2011-10-07'),
(377, 376, 376, 376, '2014-00-06'),
(378, 377, 377, 377, '2018-02-12'),
(379, 378, 378, 378, '2012-07-05'),
(380, 379, 379, 379, '2004-12-29'),
(381, 380, 380, 380, '2002-00-30'),
(382, 381, 381, 381, '2001-10-17'),
(383, 382, 382, 382, '2015-10-18'),
(384, 383, 383, 383, '2013-12-01'),
(385, 384, 384, 384, '2011-10-16'),
(386, 385, 385, 385, '2012-05-05'),
(387, 386, 386, 386, '2003-00-07'),
(388, 387, 387, 387, '2004-10-11'),
(389, 388, 388, 388, '2012-01-11'),
(390, 389, 389, 389, '2006-02-11'),
(391, 390, 390, 390, '2002-11-05'),
(392, 391, 391, 391, '2003-01-07'),
(393, 392, 392, 392, '2009-02-07'),
(394, 393, 393, 393, '2015-08-12'),
(395, 394, 394, 394, '2009-04-26'),
(396, 395, 395, 395, '2019-12-29'),
(397, 396, 396, 396, '2006-10-14'),
(398, 397, 397, 397, '2002-05-27'),
(399, 398, 398, 398, '2012-07-20'),
(400, 399, 399, 399, '2012-08-16');

-- --------------------------------------------------------

--
-- Estructura de tabla para la tabla `calificaciones`
--

CREATE TABLE IF NOT EXISTS `calificaciones` (
  `id_calificacion` int(11) NOT NULL AUTO_INCREMENT,
  `nomcalificacion` varchar(25) DEFAULT NULL,
  PRIMARY KEY (`id_calificacion`)
) ENGINE=InnoDB  DEFAULT CHARSET=latin1 AUTO_INCREMENT=401 ;

--
-- Volcado de datos para la tabla `calificaciones`
--

INSERT INTO `calificaciones` (`id_calificacion`, `nomcalificacion`) VALUES
(1, 'AU'),
(2, 'SA'),
(3, 'SA'),
(4, 'SA'),
(5, 'AS'),
(6, 'AU'),
(7, 'AS'),
(8, 'DE'),
(9, 'SA'),
(10, 'AU'),
(11, 'AS'),
(12, 'DE'),
(13, 'SA'),
(14, 'AS'),
(15, 'SA'),
(16, 'AU'),
(17, 'AU'),
(18, 'AU'),
(19, 'SA'),
(20, 'AU'),
(21, 'SA'),
(22, 'AS'),
(23, 'SA'),
(24, 'AS'),
(25, 'SA'),
(26, 'AS'),
(27, 'AS'),
(28, 'SA'),
(29, 'DE'),
(30, 'DE'),
(31, 'AS'),
(32, 'AS'),
(33, 'AS'),
(34, 'AS'),
(35, 'AS'),
(36, 'AU'),
(37, 'AS'),
(38, 'DE'),
(39, 'DE'),
(40, 'AU'),
(41, 'DE'),
(42, 'AS'),
(43, 'AS'),
(44, 'AU'),
(45, 'DE'),
(46, 'AS'),
(47, 'AS'),
(48, 'SA'),
(49, 'AS'),
(50, 'SA'),
(51, 'SA'),
(52, 'SA'),
(53, 'AU'),
(54, 'AS'),
(55, 'SA'),
(56, 'AS'),
(57, 'AS'),
(58, 'SA'),
(59, 'DE'),
(60, 'SA'),
(61, 'DE'),
(62, 'AU'),
(63, 'DE'),
(64, 'AS'),
(65, 'AU'),
(66, 'AU'),
(67, 'AS'),
(68, 'AS'),
(69, 'DE'),
(70, 'SA'),
(71, 'DE'),
(72, 'AU'),
(73, 'AS'),
(74, 'DE'),
(75, 'SA'),
(76, 'AS'),
(77, 'AS'),
(78, 'SA'),
(79, 'DE'),
(80, 'AS'),
(81, 'SA'),
(82, 'SA'),
(83, 'SA'),
(84, 'SA'),
(85, 'DE'),
(86, 'AU'),
(87, 'AU'),
(88, 'SA'),
(89, 'AS'),
(90, 'AU'),
(91, 'AU'),
(92, 'DE'),
(93, 'AU'),
(94, 'AS'),
(95, 'DE'),
(96, 'SA'),
(97, 'SA'),
(98, 'SA'),
(99, 'AS'),
(100, 'AS'),
(101, 'DE'),
(102, 'AU'),
(103, 'AU'),
(104, 'AS'),
(105, 'AS'),
(106, 'AU'),
(107, 'AS'),
(108, 'AU'),
(109, 'AS'),
(110, 'AU'),
(111, 'AU'),
(112, 'AS'),
(113, 'AS'),
(114, 'AS'),
(115, 'AU'),
(116, 'SA'),
(117, 'AS'),
(118, 'AS'),
(119, 'DE'),
(120, 'AS'),
(121, 'DE'),
(122, 'DE'),
(123, 'AS'),
(124, 'SA'),
(125, 'AS'),
(126, 'AS'),
(127, 'AU'),
(128, 'AS'),
(129, 'AS'),
(130, 'AS'),
(131, 'SA'),
(132, 'AS'),
(133, 'SA'),
(134, 'AS'),
(135, 'SA'),
(136, 'AS'),
(137, 'AU'),
(138, 'SA'),
(139, 'AS'),
(140, 'AU'),
(141, 'AU'),
(142, 'AU'),
(143, 'AS'),
(144, 'AS'),
(145, 'AU'),
(146, 'AU'),
(147, 'AS'),
(148, 'AU'),
(149, 'AS'),
(150, 'DE'),
(151, 'DE'),
(152, 'AU'),
(153, 'AS'),
(154, 'AS'),
(155, 'AU'),
(156, 'AU'),
(157, 'AU'),
(158, 'SA'),
(159, 'AS'),
(160, 'AU'),
(161, 'AS'),
(162, 'AU'),
(163, 'DE'),
(164, 'AS'),
(165, 'AU'),
(166, 'AS'),
(167, 'DE'),
(168, 'DE'),
(169, 'SA'),
(170, 'AU'),
(171, 'AU'),
(172, 'AS'),
(173, 'DE'),
(174, 'AU'),
(175, 'AU'),
(176, 'AU'),
(177, 'AU'),
(178, 'AS'),
(179, 'AS'),
(180, 'DE'),
(181, 'SA'),
(182, 'SA'),
(183, 'DE'),
(184, 'AS'),
(185, 'DE'),
(186, 'AU'),
(187, 'AU'),
(188, 'DE'),
(189, 'SA'),
(190, 'AS'),
(191, 'AS'),
(192, 'SA'),
(193, 'AS'),
(194, 'SA'),
(195, 'AS'),
(196, 'AS'),
(197, 'SA'),
(198, 'AS'),
(199, 'AS'),
(200, 'DE'),
(201, 'AS'),
(202, 'AS'),
(203, 'SA'),
(204, 'AS'),
(205, 'SA'),
(206, 'DE'),
(207, 'SA'),
(208, 'SA'),
(209, 'AU'),
(210, 'SA'),
(211, 'AS'),
(212, 'SA'),
(213, 'AU'),
(214, 'DE'),
(215, 'AS'),
(216, 'DE'),
(217, 'AS'),
(218, 'AS'),
(219, 'AU'),
(220, 'SA'),
(221, 'AS'),
(222, 'AU'),
(223, 'SA'),
(224, 'DE'),
(225, 'SA'),
(226, 'AU'),
(227, 'DE'),
(228, 'AU'),
(229, 'SA'),
(230, 'AS'),
(231, 'AU'),
(232, 'AU'),
(233, 'AU'),
(234, 'DE'),
(235, 'SA'),
(236, 'SA'),
(237, 'AS'),
(238, 'AU'),
(239, 'DE'),
(240, 'AS'),
(241, 'DE'),
(242, 'AS'),
(243, 'AS'),
(244, 'AS'),
(245, 'SA'),
(246, 'SA'),
(247, 'AS'),
(248, 'AU'),
(249, 'AS'),
(250, 'AU'),
(251, 'DE'),
(252, 'AU'),
(253, 'AS'),
(254, 'DE'),
(255, 'AS'),
(256, 'AS'),
(257, 'AU'),
(258, 'SA'),
(259, 'AS'),
(260, 'DE'),
(261, 'AU'),
(262, 'AS'),
(263, 'AS'),
(264, 'SA'),
(265, 'SA'),
(266, 'AU'),
(267, 'AS'),
(268, 'DE'),
(269, 'AU'),
(270, 'AU'),
(271, 'SA'),
(272, 'DE'),
(273, 'DE'),
(274, 'SA'),
(275, 'AS'),
(276, 'AU'),
(277, 'AU'),
(278, 'DE'),
(279, 'SA'),
(280, 'DE'),
(281, 'AU'),
(282, 'SA'),
(283, 'AU'),
(284, 'AU'),
(285, 'AU'),
(286, 'DE'),
(287, 'SA'),
(288, 'AS'),
(289, 'SA'),
(290, 'AU'),
(291, 'AS'),
(292, 'AS'),
(293, 'AS'),
(294, 'DE'),
(295, 'SA'),
(296, 'SA'),
(297, 'AS'),
(298, 'AS'),
(299, 'SA'),
(300, 'SA'),
(301, 'AS'),
(302, 'SA'),
(303, 'AS'),
(304, 'AS'),
(305, 'AS'),
(306, 'AS'),
(307, 'AS'),
(308, 'DE'),
(309, 'AU'),
(310, 'AU'),
(311, 'SA'),
(312, 'AS'),
(313, 'DE'),
(314, 'AS'),
(315, 'DE'),
(316, 'AU'),
(317, 'AU'),
(318, 'AS'),
(319, 'SA'),
(320, 'AS'),
(321, 'AS'),
(322, 'DE'),
(323, 'DE'),
(324, 'DE'),
(325, 'AS'),
(326, 'AU'),
(327, 'AS'),
(328, 'SA'),
(329, 'AS'),
(330, 'SA'),
(331, 'AS'),
(332, 'DE'),
(333, 'SA'),
(334, 'AS'),
(335, 'DE'),
(336, 'SA'),
(337, 'AS'),
(338, 'SA'),
(339, 'AS'),
(340, 'AS'),
(341, 'AS'),
(342, 'AS'),
(343, 'AU'),
(344, 'AU'),
(345, 'AU'),
(346, 'SA'),
(347, 'DE'),
(348, 'AS'),
(349, 'AU'),
(350, 'AS'),
(351, 'AU'),
(352, 'SA'),
(353, 'AS'),
(354, 'SA'),
(355, 'AS'),
(356, 'SA'),
(357, 'AU'),
(358, 'AU'),
(359, 'AS'),
(360, 'AU'),
(361, 'AU'),
(362, 'AS'),
(363, 'AU'),
(364, 'SA'),
(365, 'AU'),
(366, 'SA'),
(367, 'AU'),
(368, 'AS'),
(369, 'AS'),
(370, 'AU'),
(371, 'DE'),
(372, 'DE'),
(373, 'AS'),
(374, 'DE'),
(375, 'AU'),
(376, 'SA'),
(377, 'SA'),
(378, 'AU'),
(379, 'AS'),
(380, 'AU'),
(381, 'DE'),
(382, 'AS'),
(383, 'AS'),
(384, 'DE'),
(385, 'DE'),
(386, 'AS'),
(387, 'SA'),
(388, 'AU'),
(389, 'AS'),
(390, 'SA'),
(391, 'SA'),
(392, 'AS'),
(393, 'SA'),
(394, 'SA'),
(395, 'AU'),
(396, 'AU'),
(397, 'AS'),
(398, 'AS'),
(399, 'DE'),
(400, 'AU');

-- --------------------------------------------------------

--
-- Estructura de tabla para la tabla `calificacionesalumnos`
--

CREATE TABLE IF NOT EXISTS `calificacionesalumnos` (
  `id_calificacionalumno` int(11) NOT NULL AUTO_INCREMENT,
  `calificaciontrabajos` double DEFAULT NULL,
  `calificacionasistencias` double DEFAULT NULL,
  `calificacioncompetencias` double DEFAULT NULL,
  `calificaciontrabajoenclase` double DEFAULT NULL,
  `calificaciondelparcial` double DEFAULT NULL,
  `id_agrupacion` int(11) DEFAULT NULL,
  PRIMARY KEY (`id_calificacionalumno`),
  KEY `id_agrupacion` (`id_agrupacion`)
) ENGINE=InnoDB  DEFAULT CHARSET=latin1 AUTO_INCREMENT=401 ;

--
-- Volcado de datos para la tabla `calificacionesalumnos`
--

INSERT INTO `calificacionesalumnos` (`id_calificacionalumno`, `calificaciontrabajos`, `calificacionasistencias`, `calificacioncompetencias`, `calificaciontrabajoenclase`, `calificaciondelparcial`, `id_agrupacion`) VALUES
(1, 1, 4.4, 9.3, 9, 3.9, 6),
(2, 1, 4.1, 7.3, 5.5, 8.2, 1),
(3, 2, 9.3, 8.2, 8.5, 10, 8),
(4, 3, 4.5, 10, 5.5, 3.9, 8),
(5, 4, 8.8, 9.5, 9.3, 8, 2),
(6, 5, 8.3, 7.2, 9.3, 4.1, 8),
(7, 6, 3.9, 7, 4.1, 6.8, 4),
(8, 7, 9, 8.6, 7.2, 8.5, 8),
(9, 8, 7, 9.5, 10, 9.6, 6),
(10, 9, 4.5, 2.9, 8.3, 10, 10),
(11, 10, 9, 10, 2.9, 3.9, 8),
(12, 11, 1.2, 9, 8.3, 10, 10),
(13, 12, 10, 3.3, 5.5, 9.3, 9),
(14, 13, 9.9, 8.3, 4.1, 9.9, 4),
(15, 14, 4.1, 1.2, 9.6, 10, 3),
(16, 15, 7.3, 9, 9, 10, 9),
(17, 16, 8.5, 7.2, 9.5, 10, 7),
(18, 17, 8.5, 4.1, 3.9, 9.6, 10),
(19, 18, 7.2, 4.5, 9.3, 3.9, 9),
(20, 19, 7.5, 8.3, 8, 9.3, 9),
(21, 20, 7, 9, 3.9, 8.8, 3),
(22, 21, 7.7, 2.2, 3.9, 7.5, 8),
(23, 22, 10, 7.9, 8, 2.9, 9),
(24, 23, 1.2, 9.6, 9, 4.1, 8),
(25, 24, 4.1, 8.8, 4.4, 9, 7),
(26, 25, 7.7, 9.5, 7.2, 8.5, 4),
(27, 26, 8.5, 4.1, 4.1, 9.5, 6),
(28, 27, 8.2, 6.3, 10, 7.9, 10),
(29, 28, 10, 9.6, 7.2, 7.2, 10),
(30, 29, 7.3, 7.9, 9.6, 7.9, 9),
(31, 30, 9.5, 3.9, 9.3, 9, 9),
(32, 31, 9.6, 4.1, 4.1, 8.6, 9),
(33, 32, 5.5, 8.6, 8, 9.3, 6),
(34, 33, 3.9, 8.3, 9.9, 9, 8),
(35, 34, 4.1, 5.5, 7.7, 4.4, 4),
(36, 35, 6.3, 7.3, 2.9, 9.5, 10),
(37, 36, 9.5, 6.5, 8.6, 9.6, 8),
(38, 37, 7.3, 9.6, 8.6, 8.3, 9),
(39, 38, 9.6, 8, 3.3, 10, 9),
(40, 39, 3.9, 4.1, 7.7, 8.3, 7),
(41, 40, 8.2, 9, 10, 3.9, 9),
(42, 41, 4.1, 9, 9.6, 4.5, 9),
(43, 42, 7.2, 7.2, 9.5, 7.9, 3),
(44, 43, 5.6, 9.9, 9.5, 9.6, 8),
(45, 44, 10, 7.9, 4.1, 5.6, 8),
(46, 45, 5.5, 4.1, 5.5, 9.9, 1),
(47, 46, 10, 10, 9.6, 5.6, 7),
(48, 47, 10, 8.6, 9, 4.5, 8),
(49, 48, 8.6, 9.6, 9.3, 3.9, 3),
(50, 49, 4.5, 9.3, 3.9, 4.5, 10),
(51, 50, 9.3, 10, 9, 9.3, 4),
(52, 51, 5.4, 3.9, 7.7, 9.6, 6),
(53, 52, 8.5, 3.9, 9, 9.6, 9),
(54, 53, 9, 7.3, 2.9, 8.6, 8),
(55, 54, 9.3, 3.9, 3.9, 3.3, 3),
(56, 55, 4.1, 9.6, 10, 4.1, 8),
(57, 56, 9.6, 7.2, 9.9, 7.9, 10),
(58, 57, 9.9, 8.8, 5.5, 9.3, 10),
(59, 58, 8.6, 10, 8.3, 6.3, 6),
(60, 59, 9.3, 9.1, 10, 7.9, 10),
(61, 60, 6.3, 5.6, 8, 8.3, 8),
(62, 61, 3.3, 5.6, 3.3, 9, 6),
(63, 62, 9.5, 10, 2.9, 7.2, 8),
(64, 63, 9, 9.3, 8.3, 7.2, 8),
(65, 64, 9, 9.6, 3.9, 8.2, 9),
(66, 65, 8.8, 9.6, 8, 3.9, 3),
(67, 66, 7.3, 4.1, 9.5, 10, 7),
(68, 67, 8.2, 4.4, 4.1, 8, 9),
(69, 68, 9, 3.9, 7.9, 8.8, 10),
(70, 69, 2.9, 4.4, 10, 9.6, 5),
(71, 70, 8, 2.9, 7, 9.3, 6),
(72, 71, 3.9, 9.3, 9, 7.5, 9),
(73, 72, 6.3, 10, 8.2, 7.5, 3),
(74, 73, 3.3, 1.2, 4.4, 7, 4),
(75, 74, 7.3, 5.6, 9.3, 8.3, 10),
(76, 75, 8.3, 4.1, 7.2, 9.9, 9),
(77, 76, 7.9, 8.3, 9.6, 7, 4),
(78, 77, 7.9, 10, 9.5, 5.6, 4),
(79, 78, 9.6, 7, 7.7, 3.9, 8),
(80, 79, 6.3, 9.5, 7.2, 3.9, 10),
(81, 80, 8.3, 8.2, 8.2, 10, 10),
(82, 81, 8, 6.3, 9.5, 4.5, 10),
(83, 82, 6.8, 2.9, 1.2, 8.5, 10),
(84, 83, 9.1, 8, 9.6, 3.3, 10),
(85, 84, 9, 9.9, 7.7, 8.8, 8),
(86, 85, 7.7, 9.3, 3.9, 8, 7),
(87, 86, 8.3, 9.5, 8.6, 8.8, 10),
(88, 87, 9, 8, 5.6, 8, 10),
(89, 88, 8, 1.2, 5.6, 4.1, 7),
(90, 89, 9.3, 9.5, 8.6, 8.6, 4),
(91, 90, 9.3, 7.9, 9.3, 8.3, 7),
(92, 91, 5.5, 7.9, 5.5, 8.3, 6),
(93, 92, 7.2, 7.2, 5.5, 9.5, 6),
(94, 93, 9.3, 9, 10, 10, 9),
(95, 94, 9.6, 9.3, 8.8, 10, 10),
(96, 95, 9.3, 7.9, 9, 7, 4),
(97, 96, 7, 8, 9.6, 8, 4),
(98, 97, 9.5, 7.9, 9.6, 1.2, 8),
(99, 98, 6.5, 8.3, 8.2, 3.9, 3),
(100, 99, 8.8, 10, 3.3, 9.6, 10),
(101, 100, 7.3, 3.9, 9.5, 8.6, 7),
(102, 101, 9.5, 1.2, 6.3, 2.9, 8),
(103, 102, 4.5, 9.6, 1.2, 10, 8),
(104, 103, 10, 7.7, 3.9, 4.1, 5),
(105, 104, 10, 8.6, 8, 9, 9),
(106, 105, 4.5, 7, 5.5, 10, 9),
(107, 106, 8.3, 8, 8.8, 4.5, 8),
(108, 107, 7.9, 8.3, 7.9, 8.3, 4),
(109, 108, 9.6, 9, 9.3, 8, 10),
(110, 109, 4.1, 9, 3.3, 7.5, 7),
(111, 110, 9.5, 1.2, 9.6, 3.9, 9),
(112, 111, 9.5, 5.6, 3.3, 4.1, 10),
(113, 112, 7.3, 3.9, 5.5, 9.5, 10),
(114, 113, 9.6, 3.9, 9.6, 1.2, 5),
(115, 114, 8, 8.5, 7, 3.9, 7),
(116, 115, 2.9, 4.4, 5.5, 4.4, 9),
(117, 116, 3.9, 7.9, 10, 9.9, 4),
(118, 117, 8.5, 9.5, 8.3, 7.3, 10),
(119, 118, 8, 3.9, 6.3, 8.3, 4),
(120, 119, 8.3, 10, 4.5, 3.9, 5),
(121, 120, 7.5, 8.3, 8, 7.3, 8),
(122, 121, 9.5, 5.6, 9.5, 8.3, 4),
(123, 122, 5.6, 5.6, 8.2, 9.3, 4),
(124, 123, 9.5, 9, 3.9, 9.3, 8),
(125, 124, 6.8, 9.6, 5.6, 4.1, 9),
(126, 125, 7.7, 8, 7.9, 6.3, 10),
(127, 126, 2.9, 4.4, 7.2, 7.3, 4),
(128, 127, 9.6, 4.1, 4.4, 10, 10),
(129, 128, 8.6, 8.6, 5.6, 7.9, 4),
(130, 129, 8, 7.9, 8.3, 2.9, 4),
(131, 130, 7.9, 2.9, 4.5, 10, 10),
(132, 131, 7, 7.3, 9, 4.5, 4),
(133, 132, 3.3, 6.3, 9.5, 9.6, 4),
(134, 133, 4.1, 7.9, 9, 7, 9),
(135, 134, 8.2, 8.2, 2.9, 7.9, 7),
(136, 135, 7, 6.8, 3.9, 9, 4),
(137, 136, 4.1, 7.2, 9.6, 7, 4),
(138, 137, 4.1, 7, 7.3, 7.2, 4),
(139, 138, 8.3, 2.3, 3.9, 8.3, 10),
(140, 139, 9.9, 2.9, 1.2, 1.2, 10),
(141, 140, 2.2, 8.3, 8, 9.3, 8),
(142, 141, 10, 4.1, 5.6, 4.4, 8),
(143, 142, 7.3, 4.1, 3.3, 8.2, 5),
(144, 143, 9.6, 9.6, 8.8, 6.3, 8),
(145, 144, 8.3, 9.6, 8.5, 4.5, 8),
(146, 145, 4.1, 6.8, 3.9, 4.1, 8),
(147, 146, 8, 9.9, 7, 6.3, 10),
(148, 147, 4.4, 3.9, 9.6, 8, 10),
(149, 148, 7.7, 1.2, 7.2, 3.9, 8),
(150, 149, 7.3, 8, 9.6, 5.4, 8),
(151, 150, 3.9, 6.5, 8, 3.9, 10),
(152, 151, 4.1, 6.3, 9.6, 8.6, 6),
(153, 152, 4.1, 8.8, 10, 4.2, 8),
(154, 153, 9.3, 5.5, 8.6, 6.5, 9),
(155, 154, 2.9, 2.9, 9.5, 9.6, 8),
(156, 155, 7.2, 4.1, 9.3, 8.3, 1),
(157, 156, 4.1, 8.3, 7.7, 8.3, 4),
(158, 157, 3.9, 9.5, 9.5, 3.9, 8),
(159, 158, 8, 4.2, 2.9, 7.7, 4),
(160, 159, 9.6, 8, 7, 10, 6),
(161, 160, 9, 9.3, 8.3, 3.9, 9),
(162, 161, 5.5, 3.3, 8.5, 9.3, 10),
(163, 162, 7, 9.3, 9.5, 7, 4),
(164, 163, 9.9, 9, 4.4, 7.3, 8),
(165, 164, 7.9, 10, 7, 8.3, 4),
(166, 165, 2.9, 7.3, 9, 7.2, 8),
(167, 166, 9.6, 9.6, 9, 3.3, 6),
(168, 167, 4.1, 8.6, 4.4, 9.3, 8),
(169, 168, 8, 9.6, 7.9, 9.6, 8),
(170, 169, 9.1, 6.3, 9.1, 8, 5),
(171, 170, 2.9, 8, 8, 9.3, 5),
(172, 171, 3.3, 8.3, 7.7, 7.3, 8),
(173, 172, 10, 5.6, 5.6, 8.8, 4),
(174, 173, 8.3, 3.3, 9, 9, 6),
(175, 174, 6.8, 2.9, 10, 9.5, 8),
(176, 175, 4.1, 3.9, 7.5, 3.9, 3),
(177, 176, 7.3, 9, 4.5, 7.3, 9),
(178, 177, 9.6, 5.5, 3.9, 9, 4),
(179, 178, 9.3, 8.3, 10, 7.3, 8),
(180, 179, 8, 4.5, 9.5, 2.9, 5),
(181, 180, 8.3, 9.6, 7, 4.4, 10),
(182, 181, 8.3, 9, 10, 9, 8),
(183, 182, 7, 9, 7.7, 3.9, 9),
(184, 183, 8.3, 8.8, 5.5, 8.5, 9),
(185, 184, 6.5, 7.9, 3.9, 6.3, 10),
(186, 185, 9, 8, 4.5, 8, 7),
(187, 186, 7.2, 7.7, 3.3, 7.7, 9),
(188, 187, 7.3, 4.1, 4.1, 1.2, 10),
(189, 188, 4.1, 8.6, 8, 2.9, 4),
(190, 189, 8.5, 8.3, 9, 7.2, 6),
(191, 190, 9, 4.4, 9.3, 7.2, 3),
(192, 191, 8.6, 4.4, 8, 9.6, 10),
(193, 192, 9.3, 9.6, 8, 7.2, 9),
(194, 193, 7.9, 4.4, 8.2, 9.6, 4),
(195, 194, 7, 4.1, 9.9, 3.3, 4),
(196, 195, 4.1, 7.2, 8, 2.9, 4),
(197, 196, 8.8, 8.8, 9.9, 4.4, 9),
(198, 197, 3.9, 10, 7.2, 8.2, 10),
(199, 198, 4.4, 8, 8.3, 3.9, 7),
(200, 199, 9.6, 9.6, 8.2, 9, 8),
(201, 200, 6.3, 9.1, 4.4, 8.6, 8),
(202, 201, 5.6, 10, 7.2, 9, 8),
(203, 202, 7.3, 3.9, 7.9, 8.6, 8),
(204, 203, 7.3, 5.6, 9.6, 4.1, 9),
(205, 204, 3.3, 7.3, 9, 9, 10),
(206, 205, 9, 8.2, 8.3, 6.3, 6),
(207, 206, 9.9, 3.9, 8, 4.1, 8),
(208, 207, 10, 9.6, 8.3, 7, 8),
(209, 208, 3.9, 5.5, 5.4, 7.2, 6),
(210, 209, 7.2, 4.4, 4.1, 9.6, 8),
(211, 210, 5.4, 9.3, 9.3, 8, 10),
(212, 211, 4.5, 3.3, 3.3, 8.6, 10),
(213, 212, 5.6, 5.6, 9, 4.5, 10),
(214, 213, 4.2, 5.5, 8.3, 9.3, 7),
(215, 214, 1.2, 4.1, 7.3, 9, 9),
(216, 215, 9.5, 9.5, 8.2, 8.5, 6),
(217, 216, 8.3, 7.3, 8.2, 6.3, 4),
(218, 217, 9.3, 1.2, 4.1, 4.1, 10),
(219, 218, 9.3, 8.3, 9.6, 8.8, 8),
(220, 219, 8.3, 9.9, 4.1, 7.2, 4),
(221, 220, 4.1, 8.5, 9, 5.6, 7),
(222, 221, 1.2, 8.8, 10, 7.2, 9),
(223, 222, 1.2, 1.2, 4.4, 5.5, 7),
(224, 223, 7.7, 8, 8.8, 6.8, 10),
(225, 224, 8.8, 9.6, 7.2, 6.8, 7),
(226, 225, 3.9, 7.2, 7.5, 8, 10),
(227, 226, 6.8, 3.9, 5.4, 1.2, 5),
(228, 227, 9, 9.6, 3.9, 9.9, 8),
(229, 228, 2.9, 7.9, 4.1, 4.2, 9),
(230, 229, 9.6, 8.3, 9, 3.9, 10),
(231, 230, 7.2, 9.1, 8.3, 9.3, 9),
(232, 231, 7.7, 4.1, 8, 6.3, 1),
(233, 232, 2.9, 3.3, 8.5, 3.9, 4),
(234, 233, 9.6, 7, 7.7, 9.6, 7),
(235, 234, 4.1, 9.3, 5.5, 6.3, 6),
(236, 235, 10, 3.9, 10, 9.3, 4),
(237, 236, 10, 9.3, 9.6, 9.6, 10),
(238, 237, 8, 1.2, 10, 8.6, 10),
(239, 238, 9.6, 9, 3.9, 9.5, 7),
(240, 239, 7.2, 7.3, 8.5, 9, 10),
(241, 240, 7.3, 9.3, 8, 6.3, 10),
(242, 241, 5.6, 9.3, 1.2, 9.6, 10),
(243, 242, 9.5, 6.8, 7.2, 2.9, 8),
(244, 243, 8.5, 9, 9.3, 8.3, 9),
(245, 244, 10, 9.6, 3.3, 7, 10),
(246, 245, 8.6, 8.8, 9.3, 9, 8),
(247, 246, 8.3, 4.1, 3.9, 9.6, 8),
(248, 247, 9.9, 10, 3.9, 9.5, 8),
(249, 248, 9.6, 9.6, 8.2, 9.6, 8),
(250, 249, 8.3, 9.5, 8.3, 9.3, 7),
(251, 250, 7, 3.5, 2.9, 7.9, 10),
(252, 251, 1.2, 5.5, 9.6, 9.3, 1),
(253, 252, 4.1, 8.3, 3.9, 8.5, 9),
(254, 253, 10, 8, 8.5, 9.9, 10),
(255, 254, 3.9, 9.6, 8, 1.2, 4),
(256, 255, 4.5, 10, 7.5, 1.2, 9),
(257, 256, 7.7, 3.3, 8.2, 4.5, 4),
(258, 257, 7.2, 9.2, 7.3, 4.1, 5),
(259, 258, 8.3, 8.2, 4.1, 7.9, 3),
(260, 259, 8.2, 8.3, 9.5, 3.3, 4),
(261, 260, 7.5, 4.1, 7.7, 8.2, 4),
(262, 261, 8, 3.9, 10, 8, 3),
(263, 262, 3.5, 9.6, 8.3, 4.1, 4),
(264, 263, 3.9, 8.2, 9.6, 8.8, 9),
(265, 264, 9.3, 4.4, 3.9, 8.6, 10),
(266, 265, 4.5, 8, 1.2, 9.5, 8),
(267, 266, 8.5, 8.3, 7, 9.5, 7),
(268, 267, 9.3, 10, 9.3, 3.9, 7),
(269, 268, 6.8, 7, 7, 10, 4),
(270, 269, 9.5, 9.6, 7, 8.3, 9),
(271, 270, 6.3, 6.5, 5.6, 3.9, 8),
(272, 271, 10, 8, 4.4, 9.5, 7),
(273, 272, 8, 7.7, 4.1, 7.3, 10),
(274, 273, 7.7, 9.5, 8.6, 10, 10),
(275, 274, 6.3, 2.9, 9.9, 9, 10),
(276, 275, 8.3, 8.8, 9.5, 4.1, 4),
(277, 276, 5.5, 6.5, 3.9, 5.6, 10),
(278, 277, 8.3, 9.6, 8, 3.9, 10),
(279, 278, 7, 9, 2.9, 10, 4),
(280, 279, 10, 10, 10, 10, 6),
(281, 280, 4.4, 8, 6.3, 4.1, 9),
(282, 281, 9.6, 8.2, 7.2, 3.9, 10),
(283, 282, 9.9, 9.9, 7.3, 8.6, 6),
(284, 283, 9.6, 7.2, 9.6, 8.8, 9),
(285, 284, 8.8, 9.5, 8.3, 7.3, 7),
(286, 285, 10, 8, 8.8, 8.3, 7),
(287, 286, 8.8, 3.9, 1.2, 5.4, 4),
(288, 287, 4.5, 8.3, 7, 7.5, 7),
(289, 288, 8.3, 3.9, 8, 7.2, 8),
(290, 289, 4.5, 8.3, 9.3, 9, 4),
(291, 290, 9.5, 8, 8.6, 6.3, 8),
(292, 291, 8.6, 8.6, 6.5, 9.3, 9),
(293, 292, 8.6, 9.6, 9.3, 1.2, 8),
(294, 293, 8.5, 7.5, 7, 7.2, 9),
(295, 294, 4.4, 9.5, 8.6, 8, 4),
(296, 295, 7.3, 7.2, 9.6, 10, 4),
(297, 296, 8.3, 8, 7.9, 8.2, 4),
(298, 297, 4.5, 7.7, 7, 9, 9),
(299, 298, 8.3, 3.3, 4.1, 10, 4),
(300, 299, 9, 8.3, 9.5, 9.5, 4),
(301, 300, 1.2, 4.5, 9, 9.3, 8),
(302, 301, 3.9, 2.9, 8.5, 9.6, 8),
(303, 302, 7.5, 5.6, 10, 8.6, 8),
(304, 303, 9, 8.2, 4.4, 8.2, 4),
(305, 304, 7, 4.1, 9.2, 8.5, 8),
(306, 305, 6.8, 8.2, 8.5, 9.6, 4),
(307, 306, 10, 8, 7.2, 4.5, 5),
(308, 307, 9.5, 9.3, 7.7, 2.9, 1),
(309, 308, 8.3, 9.5, 8.8, 9.5, 10),
(310, 309, 7.9, 9, 8.3, 9.5, 7),
(311, 310, 9, 5.5, 3.9, 3.3, 8),
(312, 311, 3.9, 7.9, 9.9, 4.4, 9),
(313, 312, 8, 8.2, 8.5, 8.3, 10),
(314, 313, 8.3, 8.5, 3.3, 9.3, 10),
(315, 314, 4.5, 8.3, 10, 9, 10),
(316, 315, 9.6, 7.7, 10, 8, 7),
(317, 316, 3.9, 4.5, 9.5, 8.5, 10),
(318, 317, 7.2, 2.9, 10, 7, 4),
(319, 318, 7.9, 9.6, 8, 8.3, 8),
(320, 319, 8, 10, 8.8, 2.9, 6),
(321, 320, 9.6, 3.3, 9, 8.5, 7),
(322, 321, 2.9, 4.4, 8.6, 9.6, 8),
(323, 322, 8.2, 1.2, 9.5, 5.4, 9),
(324, 323, 8.5, 9.3, 9.6, 9.6, 8),
(325, 324, 9.6, 3.9, 4.4, 4.5, 1),
(326, 325, 9.6, 4.4, 10, 4.5, 6),
(327, 326, 5.5, 7, 10, 8.2, 8),
(328, 327, 8.8, 2.9, 8.2, 9.6, 6),
(329, 328, 8, 9, 10, 8.3, 8),
(330, 329, 9.3, 9, 9.6, 9, 6),
(331, 330, 3.3, 9.5, 8, 3.9, 10),
(332, 331, 8.3, 8.3, 7, 4.5, 9),
(333, 332, 9.6, 9.5, 9.9, 7.3, 7),
(334, 333, 7.3, 3.9, 8.2, 9, 9),
(335, 334, 8.2, 3.9, 3.3, 7.7, 6),
(336, 335, 7.7, 1.2, 4.1, 8.2, 7),
(337, 336, 7.7, 6.5, 8.2, 2.9, 7),
(338, 337, 7.9, 3.3, 9.5, 8, 9),
(339, 338, 9.6, 3.9, 10, 1.2, 4),
(340, 339, 8, 3.3, 6.8, 9.6, 7),
(341, 340, 8, 9.6, 8, 9.3, 7),
(342, 341, 9.5, 9, 9.9, 8.6, 9),
(343, 342, 8.2, 9.6, 7.9, 9.6, 4),
(344, 343, 8, 9.6, 9.6, 4.4, 3),
(345, 344, 9.5, 8, 4.1, 9, 1),
(346, 345, 10, 9.5, 9.3, 8.5, 10),
(347, 346, 8.2, 1.2, 9, 9.6, 6),
(348, 347, 5.5, 8.3, 8.3, 9.6, 10),
(349, 348, 7.7, 7, 8.3, 9.3, 6),
(350, 349, 10, 4.5, 3.3, 5.6, 9),
(351, 350, 8.6, 3.3, 8.3, 5.6, 3),
(352, 351, 8, 9, 9.1, 9.3, 5),
(353, 352, 6.8, 9.9, 8.2, 8.6, 5),
(354, 353, 7, 9.9, 3.9, 3.9, 10),
(355, 354, 9.5, 3.9, 5.5, 3.9, 7),
(356, 355, 9, 9.9, 9.5, 8, 7),
(357, 356, 8.5, 6.5, 8.6, 9.6, 10),
(358, 357, 9, 7, 3.9, 1.2, 10),
(359, 358, 9.5, 7.9, 5.5, 4.5, 8),
(360, 359, 2.9, 9.6, 3.3, 4.5, 8),
(361, 360, 10, 4.1, 2.2, 4.1, 1),
(362, 361, 8.8, 8.2, 7, 5.6, 8),
(363, 362, 3.9, 3.9, 9.6, 4.1, 9),
(364, 363, 3.9, 9.5, 9.3, 10, 6),
(365, 364, 4.5, 9, 4.4, 2.3, 9),
(366, 365, 8.3, 9.5, 9.6, 8.3, 10),
(367, 366, 8.3, 7.3, 4.4, 8.3, 8),
(368, 367, 9.6, 9.5, 1.2, 4.4, 4),
(369, 368, 3.9, 6.3, 4.4, 8.5, 4),
(370, 369, 7.7, 4.4, 4.1, 6.5, 4),
(371, 370, 10, 10, 4.1, 8, 8),
(372, 371, 8.3, 5.6, 9.5, 9.5, 8),
(373, 372, 10, 2.3, 4.5, 8, 8),
(374, 373, 3.3, 8.3, 8.2, 7.2, 6),
(375, 374, 10, 9.6, 8, 8.3, 4),
(376, 375, 4.4, 10, 8.3, 2.9, 9),
(377, 376, 3.9, 7.2, 9.6, 9.3, 8),
(378, 377, 8.3, 4.1, 8.3, 9.9, 7),
(379, 378, 8.3, 9.6, 7.9, 9.3, 8),
(380, 379, 8, 7.7, 7.2, 8.2, 9),
(381, 380, 3.3, 6.3, 10, 10, 9),
(382, 381, 1.2, 7.2, 9, 4.1, 7),
(383, 382, 3.9, 4.1, 9.6, 9.6, 4),
(384, 383, 7, 7.7, 5.5, 8.5, 6),
(385, 384, 9.2, 7.2, 8, 8, 5),
(386, 385, 8.6, 8, 3.9, 9.6, 4),
(387, 386, 1.2, 9, 8.2, 8, 7),
(388, 387, 4.4, 7.7, 9.5, 9, 8),
(389, 388, 10, 3.9, 8, 9.6, 4),
(390, 389, 6.5, 7.7, 5.4, 7, 4),
(391, 390, 9.6, 9.6, 9.3, 7.3, 7),
(392, 391, 9.9, 6.3, 9.5, 7.7, 7),
(393, 392, 7, 9, 3.9, 4.1, 10),
(394, 393, 1.2, 9.5, 3.9, 10, 8),
(395, 394, 9.6, 8, 2.9, 10, 8),
(396, 395, 8.8, 8.3, 8.3, 9.3, 4),
(397, 396, 3.9, 10, 8.8, 7.7, 4),
(398, 397, 9.5, 3.9, 8.3, 7.3, 10),
(399, 398, 7.9, 8.2, 8.6, 9.3, 9),
(400, 399, 9.3, 7.7, 8, 6.3, 4);

-- --------------------------------------------------------

--
-- Estructura de tabla para la tabla `escuelas`
--

CREATE TABLE IF NOT EXISTS `escuelas` (
  `id_escuela` int(11) NOT NULL AUTO_INCREMENT,
  `nomescuela` varchar(25) DEFAULT NULL,
  PRIMARY KEY (`id_escuela`)
) ENGINE=InnoDB  DEFAULT CHARSET=latin1 AUTO_INCREMENT=401 ;

--
-- Volcado de datos para la tabla `escuelas`
--

INSERT INTO `escuelas` (`id_escuela`, `nomescuela`) VALUES
(1, 'UNIVERSIDAD TECNOLOGICA D'),
(2, 'CENTRO CIENCIAS AGROP'),
(3, 'INSTITUTO DE PSICOTERAPIA'),
(4, 'INSTITUTO ESTATAL DE SEGU'),
(5, 'I.E.A.'),
(6, 'UNIVERSIDAD TECNOLOGICA D'),
(7, 'UNIVERSIDAD AUTONOMA'),
(8, 'INSTITUTO DE PSICOTERAPIA'),
(9, 'INSTITUTO TECNOLOGICO DE '),
(10, 'CENTRO DE CIENCIAS EMPRES'),
(11, 'UNIVERSIDAD TECNOLOGICA D'),
(12, 'UNIVERSIDAD AUTONOMA DE C'),
(13, 'DIR. DE CS ECONOMICO Y AD'),
(14, 'UNIVERSIDAD TECNOLOGICA D'),
(15, 'UNIVERSIDAD TECNOLOGICA D'),
(16, 'CIENCIAS JURIDICAS'),
(17, 'DIR. DE CS HUMANISTICAS Y'),
(18, 'INSTITUTO DE PSICOTERAPIA'),
(19, 'UNIVERSIDAD TECNOLOGICA D'),
(20, 'UNIVERSIDAD TECNOLOGICA D'),
(21, 'CENTRO CIENCIAS BASICAS'),
(22, 'UNIVERSIDAD AUTONOMA DE C'),
(23, 'CENTRO CIENCIAS BIOMEDICA'),
(24, 'CENTRO DE CIENCIAS DEL DI'),
(25, 'CENTRO DE CIENCIAS DEL AR'),
(26, 'UNIVERSIDAD TECNOLOGICA D'),
(27, 'CENTRO DE CIENCIAS DEL DI'),
(28, 'I.E.A.'),
(29, 'INSTITUTO TECNOLOGICO DE '),
(30, 'INSTITUTO TECNOLOGICO DE '),
(31, 'CENTRO DE CIENCIAS DEL AR'),
(32, 'CENTRO UNIVERSITARIO GALI'),
(33, 'INSTITUTO DE EDUCACION DE'),
(34, 'CENTRO UNIVERSITARIO GALI'),
(35, 'DIR. DE CS ECONOMICO Y '),
(36, 'UNIVERSIDAD TECNOLOGICA D'),
(37, 'UNIDAD U.P.N. 011'),
(38, 'UNIVERSIDAD TECNOLOGICA D'),
(39, 'ESCUELA DE PEDAGOGIA DE L'),
(40, 'INSTITUTO ALAMEDA, A.C.'),
(41, 'CENTRO DE CIENCIAS ECONOM'),
(42, 'UNIVERSIDAD TECNOLOGICA D'),
(43, 'CENTRO UNIVERSITARIO GALI'),
(44, 'UNIVERSIDAD TECNOLOGICA D'),
(45, 'INSTITUTO ESTATAL DE SEGU'),
(46, 'CENTRO DE CIENCIAS DEL DI'),
(47, 'CENTRO DE CIENCIAS DEL AR'),
(48, 'CENTRO DE INVESTIGACION Y'),
(49, 'ESCUELA DE NEGOCIOS GASTR'),
(50, 'INSTITUTO ESCADIA'),
(51, 'CIENCIAS BIOMEDICAS'),
(52, 'UNIVERSIDAD TECNOLOGICA D'),
(53, 'CENTRO CIENCIAS BASIC'),
(54, 'COLEGIO LATINOAMERICANO D'),
(55, 'UNIVERSIDAD TECNOLOGICA D'),
(56, 'UNIVERSIDAD TECNOLOGICA D'),
(57, 'CENTRO DE CIENCIAS SOCIAL'),
(58, 'UNIDAD U.P.N. 011'),
(59, 'UNIVERSIDAD AUTONOMA DE C'),
(60, 'UNIVERSIDAD TECNOLOGICA D'),
(61, 'UNIVERSIDAD TECNOLOGICA D'),
(62, 'ESCUELA DE DERECHO DE LA '),
(63, 'CENTRO UNIVERSITARIO GALI'),
(64, 'UNIVERSIDAD TECNOLOGICA D'),
(65, 'INSTITUTO ESTATAL DE SEGU'),
(66, 'ESCUELA DE PEDAGOGIA '),
(67, 'CENTRO CIENCIAS AGROPECUA'),
(68, 'DIR. DE CS ECONOMICO Y AD'),
(69, 'UNIVERSIDAD TECNOLOGICA D'),
(70, 'INSTITUTO TECNOLOGICO'),
(71, 'UNIVERSIDAD TECNOLOGICA D'),
(72, 'UNIVERSIDAD CUAUHTEMOC PL'),
(73, 'ESCUELA DE DERECHO DE'),
(74, 'UNIVERSIDAD TECNOLOGICA D'),
(75, 'CENTRO DE CIENCIAS ECONOM'),
(76, 'CENTRO UNIVERSITARIO '),
(77, 'CENTRO DE CIENCIAS DEL AR'),
(78, 'CENTRO DE CIENCIAS EC'),
(79, 'CENTRO CIENCIAS BIOMEDICA'),
(80, 'INSTITUTO TECNOLOGICO'),
(81, 'UNIVERSIDAD CUAUHTEMOC PL'),
(82, 'UNIVERSIDAD TECNOLOGICA D'),
(83, 'INSTITUTO ALAMEDA, A.C.'),
(84, 'CENTRO CIENCIAS BIOME'),
(85, 'UNIVERSIDAD TECNOLOGICA D'),
(86, 'UNIVERSIDAD TECNOLOGICA D'),
(87, 'I.E.A.'),
(88, 'UNIVERSIDAD TECNOLOGICA D'),
(89, 'UNIVERSIDAD TECNOLOGICA D'),
(90, 'CENTRO DE CIENCIAS ECONOM'),
(91, 'CENTRO DE CIENCIAS EMPRES'),
(92, 'UNIVERSIDAD TECNOLOGICA D'),
(93, 'INSTITUTO ALAMEDA, A.C.'),
(94, 'UNIVERSIDAD TECNOLOGICA D'),
(95, 'INSTITUTO TECNOLOGICO'),
(96, 'ESCUELA DE PEDAGOGIA DE L'),
(97, 'CENTRO DE CIENCIAS DE LA '),
(98, 'DIR. DE CS HUMANISTICAS Y'),
(99, 'UNIVERSIDAD TECNOLOGICA D'),
(100, 'UNIVERSIDAD TECNOLOGICA D'),
(101, 'COLEGIO LATINOAMERICANO D'),
(102, 'UNIDAD U.P.N. 011'),
(103, 'CENTRO DE CIENCIAS DEL DI'),
(104, 'ESCUELA DE DERECHO DE LA '),
(105, 'CENTRO DE CIENCIAS DEL DI'),
(106, 'CENTRO DE CIENCIAS SOCIAL'),
(107, 'INSTITUTO DE PSICOTERAPIA'),
(108, 'UNIVERSIDAD TECNOLOGICA D'),
(109, 'UNIVERSIDAD TECNOLOGICA D'),
(110, 'UNIDAD U.P.N. 011'),
(111, 'CENTRO DE CIENCIAS EM'),
(112, 'INSTITUTO ESCADIA'),
(113, 'UNIVERSIDAD TECNOLOGICA D'),
(114, 'UNIVERSIDAD TECNOLOGICA D'),
(115, 'ESCUELA DE INGENIERIA'),
(116, 'CENTRO CIENCIAS AGROP'),
(117, 'UNIVERSIDAD TECNOLOGICA D'),
(118, 'CIENCIAS BIOMEDICAS'),
(119, 'INSTITUTO ESCADIA'),
(120, 'DIR. DE CS ECONOMICO '),
(121, 'INSTITUTO DE PSICOTERAPIA'),
(122, 'UNIVERSIDAD TECNOLOGICA D'),
(123, 'UNIVERSIDAD TECNOLOGICA D'),
(124, 'UNIVERSIDAD TECNOLOGICA D'),
(125, 'UNIVERSIDAD TECNOLOGICA D'),
(126, 'ESCUELA DE DERECHO DE LA '),
(127, 'INSTITUTO CULTURAL DE '),
(128, 'DIR. DE CS HUMANISTICAS Y'),
(129, 'CENTRO DE CIENCIAS DEL DI'),
(130, 'UNIVERSIDAD AUTONOMA'),
(131, 'ESCUELA DE INGENIERIA DE '),
(132, 'UNIVERSIDAD TECNOLOGICA D'),
(133, 'UNIVERSIDAD TECNOLOGICA D'),
(134, 'UNIVERSIDAD TECNOLOGICA D'),
(135, 'UNIDAD U.P.N. 011'),
(136, 'UNIVERSIDAD TECNOLOGICA D'),
(137, 'UNIVERSIDAD TECNOLOGICA D'),
(138, 'CENTRO DE CIENCIAS EC'),
(139, 'CENTRO DE CIENCIAS DEL DI'),
(140, 'INSTITUTO CULTURAL DE'),
(141, 'UNIVERSIDAD AUTONOMA'),
(142, 'CENTRO DE CIENCIAS EMPRES'),
(143, 'INSTITUTO DE EDUCACION DE'),
(144, 'ESCUELA DE PEDAGOGIA DE L'),
(145, 'UNIVERSIDAD TECNOLOGICA D'),
(146, 'CENTRO DE CIENCIAS DE LA '),
(147, 'INSTITUTO ESTATAL DE SEGU'),
(148, 'CENTRO UNIVERSITARIO GALI'),
(149, 'UNIVERSIDAD TECNOLOGICA D'),
(150, 'UNIVERSIDAD TECNOLOGICA D'),
(151, 'UNIVERSIDAD TECNOLOGICA D'),
(152, 'INSTITUTO ESTATAL DE SEGU'),
(153, 'UNIVERSIDAD CUAUHTEMOC PL'),
(154, 'DIR. DE CS ECONOMICO Y AD'),
(155, 'INSTITUTO DE EDUCACION DE'),
(156, 'UNIVERSIDAD TECNOLOGICA D'),
(157, 'UNIVERSIDAD TECNOLOGICA D'),
(158, 'CENTRO DE CIENCIAS EMPRES'),
(159, 'CENTRO CIENCIAS BASICAS'),
(160, 'CENTRO CIENCIAS BASICAS'),
(161, 'UNIVERSIDAD AUTONOMA'),
(162, 'CIENCIAS JURIDICAS'),
(163, 'DIR. DE CS ECONOMICO Y AD'),
(164, 'CENTRO UNIVERSITARIO '),
(165, 'INSTITUTO DE EDUCACION DE'),
(166, 'CENTRO UNIVERSITARIO '),
(167, 'ESCUELA DE DERECHO DE LA '),
(168, 'INSTITUTO TECNOLOGICO'),
(169, 'INSTITUTO ESTATAL DE SEGU'),
(170, 'UNIVERSIDAD AUTONOMA DE C'),
(171, 'CIENCIAS BIOMEDICAS'),
(172, 'UNIVERSIDAD TECNOLOGICA D'),
(173, 'UNIVERSIDAD TECNOLOGICA D'),
(174, 'CENTRO CIENCIAS BASICAS'),
(175, 'INSTITUTO ALAMEDA, A.C.'),
(176, 'DIR. DE CS ECONOMICO Y AD'),
(177, 'UNIVERSIDAD TECNOLOGICA D'),
(178, 'UNIVERSIDAD TECNOLOGICA D'),
(179, 'CENTRO CIENCIAS AGROP'),
(180, 'CIENCIAS BIOMEDICAS'),
(181, 'CENTRO DE CIENCIAS DEL AR'),
(182, 'CENTRO DE CIENCIAS SO'),
(183, 'UNIVERSIDAD CUAUHTEMOC PL'),
(184, 'UNIVERSIDAD TECNOLOGICA D'),
(185, 'INSTITUTO TECNOLOGICO'),
(186, 'UNIVERSIDAD TECNOLOGICA D'),
(187, 'UNIVERSIDAD TECNOLOGICA D'),
(188, 'UNIVERSIDAD TECNOLOGICA D'),
(189, 'UNIDAD U.P.N. 011'),
(190, 'UNIVERSIDAD TECNOLOGICA D'),
(191, 'INSTITUTO CULTURAL DE AGU'),
(192, 'UNIDAD U.P.N. 011'),
(193, 'DIR. DE CS HUMANISTICAS Y'),
(194, 'INSTITUTO ESCADIA'),
(195, 'INSTITUTO TECNOLOGICO DE '),
(196, 'UNIVERSIDAD TECNOLOGICA D'),
(197, 'UNIVERSIDAD TECNOLOGICA D'),
(198, 'CENTRO DE CIENCIAS DE'),
(199, 'CENTRO DE CIENCIAS ECONOM'),
(200, 'CENTRO UNIVERSITARIO GALI'),
(201, 'INSTITUTO ESTATAL DE SEGU'),
(202, 'INSTITUTO ESCADIA'),
(203, 'UNIVERSIDAD TECNOLOGICA D'),
(204, 'CENTRO CIENCIAS BIOMEDICA'),
(205, 'UNIVERSIDAD TECNOLOGICA D'),
(206, 'INSTITUTO TECNOLOGICO'),
(207, 'ESCUELA DE PEDAGOGIA DE L'),
(208, 'CENTRO DE CIENCIAS DEL AR'),
(209, 'UNIVERSIDAD TECNOLOGICA D'),
(210, 'CIENCIAS JURIDICAS'),
(211, 'CENTRO DE CIENCIAS DEL AR'),
(212, 'INSTITUTO ESCADIA'),
(213, 'CENTRO UNIVERSITARIO GALI'),
(214, 'CENTRO CIENCIAS BASICAS'),
(215, 'CENTRO DE CIENCIAS DEL DI'),
(216, 'INSTITUTO TECNOLOGICO DE '),
(217, 'UNIVERSIDAD TECNOLOGICA D'),
(218, 'CENTRO UNIVERSITARIO '),
(219, 'CENTRO UNIVERSITARIO '),
(220, 'INSTITUTO ALAMEDA, A.C.'),
(221, 'CENTRO CIENCIAS BIOME'),
(222, 'CENTRO UNIVERSITARIO GALI'),
(223, 'ESCUELA DE PEDAGOGIA '),
(224, 'ESCUELA DE DERECHO DE LA '),
(225, 'CENTRO UNIVERSITARIO GALI'),
(226, 'COLEGIO LATINOAMERICANO D'),
(227, 'CENTRO DE CIENCIAS EC'),
(228, 'UNIVERSIDAD TECNOLOGICA D'),
(229, 'ESCUELA DE PEDAGOGIA DE L'),
(230, 'UNIVERSIDAD TECNOLOGICA D'),
(231, 'INSTITUTO TECNOLOGICO DE '),
(232, 'UNIVERSIDAD TECNOLOGICA D'),
(233, 'CENTRO DE CIENCIAS EMPRES'),
(234, 'INSTITUTO ESCADIA'),
(235, 'CENTRO DE CIENCIAS SOCIAL'),
(236, 'UNIVERSIDAD CUAUHTEMOC PL'),
(237, 'UNIVERSIDAD TECNOLOGICA D'),
(238, 'UNIVERSIDAD AUTONOMA'),
(239, 'UNIVERSIDAD TECNOLOGICA D'),
(240, 'UNIVERSIDAD TECNOLOGICA D'),
(241, 'UNIVERSIDAD TECNOLOGICA D'),
(242, 'CENTRO UNIVERSITARIO GALI'),
(243, 'UNIVERSIDAD TECNOLOGICA D'),
(244, 'CENTRO CIENCIAS BIOME'),
(245, 'UNIDAD U.P.N. 011'),
(246, 'UNIVERSIDAD TECNOLOGICA D'),
(247, 'CENTRO DE INVESTIGACION Y'),
(248, 'CENTRO DE CIENCIAS DEL AR'),
(249, 'UNIVERSIDAD AUTONOMA'),
(250, 'CENTRO UNIVERSITARIO GALI'),
(251, 'UNIVERSIDAD TECNOLOGICA D'),
(252, 'UNIVERSIDAD TECNOLOGICA D'),
(253, 'INSTITUTO ESCADIA'),
(254, 'ESCUELA DE NEGOCIOS G'),
(255, 'CENTRO DE CIENCIAS DEL DI'),
(256, 'UNIVERSIDAD TECNOLOGICA D'),
(257, 'CENTRO UNIVERSITARIO '),
(258, 'CENTRO DE CIENCIAS DE LA '),
(259, 'INSTITUTO TECNOLOGICO DE '),
(260, 'CENTRO DE CIENCIAS DEL AR'),
(261, 'INSTITUTO CULTURAL DE AGU'),
(262, 'CENTRO CIENCIAS BASICAS'),
(263, 'INSTITUTO ESCADIA'),
(264, 'UNIVERSIDAD TECNOLOGICA D'),
(265, 'UNIDAD U.P.N. 011'),
(266, 'INSTITUTO ESCADIA'),
(267, 'UNIVERSIDAD TECNOLOGICA D'),
(268, 'UNIVERSIDAD TECNOLOGICA D'),
(269, 'CENTRO UNIVERSITARIO GALI'),
(270, 'DIR. DE CS HUMANISTICAS Y'),
(271, 'COLEGIO LATINOAMERICA'),
(272, 'CIENCIAS BIOMEDICAS'),
(273, 'UNIVERSIDAD TECNOLOGICA D'),
(274, 'UNIVERSIDAD TECNOLOGICA D'),
(275, 'CENTRO UNIVERSITARIO GALI'),
(276, 'INSTITUTO ALAMEDA, A.C.'),
(277, 'COLEGIO LATINOAMERICA'),
(278, 'UNIVERSIDAD TECNOLOGICA D'),
(279, 'UNIDAD U.P.N. 011'),
(280, 'CENTRO DE CIENCIAS EC'),
(281, 'INSTITUTO CULTURAL DE AGU'),
(282, 'DIR. DE CS HUMANISTICAS Y'),
(283, 'COLEGIO LATINOAMERICANO D'),
(284, 'CENTRO DE CIENCIAS SO'),
(285, 'CIENCIAS JURIDICAS'),
(286, 'I.E.A.'),
(287, 'COLEGIO LATINOAMERICANO D'),
(288, 'UNIVERSIDAD TECNOLOGICA D'),
(289, 'ESCUELA DE PEDAGOGIA DE L'),
(290, 'INSTITUTO CULTURAL DE '),
(291, 'CENTRO DE CIENCIAS DE LA '),
(292, 'INSTITUTO ESTATAL DE SEGU'),
(293, 'UNIVERSIDAD TECNOLOGICA D'),
(294, 'UNIVERSIDAD TECNOLOGICA D'),
(295, 'CENTRO UNIVERSITARIO GALI'),
(296, 'DIR. DE CS HUMANISTICAS Y'),
(297, 'CENTRO DE CIENCIAS DEL DI'),
(298, 'UNIVERSIDAD TECNOLOGICA D'),
(299, 'INSTITUTO TECNOLOGICO DE '),
(300, 'UNIVERSIDAD TECNOLOGICA D'),
(301, 'CENTRO UNIVERSITARIO '),
(302, 'UNIDAD U.P.N. 011'),
(303, 'UNIVERSIDAD AUTONOMA'),
(304, 'COLEGIO LATINOAMERICANO D'),
(305, 'UNIVERSIDAD TECNOLOGICA D'),
(306, 'ESCUELA DE NEGOCIOS G'),
(307, 'CENTRO DE CIENCIAS SOCIAL'),
(308, 'INSTITUTO CULTURAL DE'),
(309, 'CENTRO CIENCIAS BIOME'),
(310, 'CENTRO DE CIENCIAS EMPRES'),
(311, 'CENTRO CIENCIAS BIOME'),
(312, 'ESCUELA DE NEGOCIOS GASTR'),
(313, 'INSTITUTO TECNOLOGICO'),
(314, 'COLEGIO LATINOAMERICANO D'),
(315, 'CENTRO DE CIENCIAS SO'),
(316, 'UNIVERSIDAD TECNOLOGICA D'),
(317, 'ESCUELA DE INGENIERIA DE '),
(318, 'UNIVERSIDAD TECNOLOGICA D'),
(319, 'CENTRO DE CIENCIAS DEL DI'),
(320, 'INSTITUTO DE EDUCACION DE'),
(321, 'CIENCIAS BIOMEDICAS'),
(322, 'CENTRO CIENCIAS BASICAS'),
(323, 'CENTRO UNIVERSITARIO GALI'),
(324, 'CENTRO DE CIENCIAS DEL AR'),
(325, 'I.E.A.'),
(326, 'INSTITUTO DE EDUCACION DE'),
(327, 'CENTRO DE CIENCIAS EMPRES'),
(328, 'CENTRO DE CIENCIAS SOCIAL'),
(329, 'UNIVERSIDAD CUAUHTEMOC PL'),
(330, 'UNIVERSIDAD TECNOLOGICA D'),
(331, 'UNIVERSIDAD TECNOLOGICA D'),
(332, 'UNIVERSIDAD TECNOLOGICA D'),
(333, 'INSTITUTO CULTURAL DE AGU'),
(334, 'UNIDAD U.P.N. 011'),
(335, 'UNIVERSIDAD TECNOLOGICA D'),
(336, 'UNIVERSIDAD TECNOLOGICA D'),
(337, 'INSTITUTO CULTURAL DE'),
(338, 'ESCUELA DE PEDAGOGIA DE L'),
(339, 'I.E.A.'),
(340, 'UNIVERSIDAD TECNOLOGICA D'),
(341, 'UNIVERSIDAD TECNOLOGICA D'),
(342, 'UNIVERSIDAD TECNOLOGICA D'),
(343, 'COLEGIO LATINOAMERICANO D'),
(344, 'UNIVERSIDAD TECNOLOGICA D'),
(345, 'UNIVERSIDAD TECNOLOGICA D'),
(346, 'CIENCIAS BIOMEDICAS'),
(347, 'CENTRO UNIVERSITARIO GALI'),
(348, 'UNIVERSIDAD TECNOLOGICA D'),
(349, 'UNIVERSIDAD TECNOLOGICA D'),
(350, 'UNIVERSIDAD TECNOLOGICA D'),
(351, 'CIENCIAS BIOMEDICAS'),
(352, 'UNIVERSIDAD TECNOLOGICA D'),
(353, 'UNIVERSIDAD TECNOLOGICA D'),
(354, 'UNIVERSIDAD TECNOLOGICA D'),
(355, 'INSTITUTO ESTATAL DE SEGU'),
(356, 'ESCUELA DE NEGOCIOS GASTR'),
(357, 'UNIVERSIDAD AUTONOMA DE C'),
(358, 'UNIVERSIDAD TECNOLOGICA D'),
(359, 'UNIVERSIDAD TECNOLOGICA D'),
(360, 'INSTITUTO CULTURAL DE AGU'),
(361, 'CENTRO DE CIENCIAS DE LA '),
(362, 'UNIVERSIDAD TECNOLOGICA D'),
(363, 'CENTRO UNIVERSITARIO GALI'),
(364, 'INSTITUTO ESCADIA'),
(365, 'UNIVERSIDAD TECNOLOGICA D'),
(366, 'ESCUELA DE PEDAGOGIA '),
(367, 'INSTITUTO TECNOLOGICO DE '),
(368, 'ESCUELA DE INGENIERIA DE '),
(369, 'CENTRO CIENCIAS AGROP'),
(370, 'CENTRO DE CIENCIAS DEL AR'),
(371, 'DIR. DE CS HUMANISTICAS Y'),
(372, 'UNIVERSIDAD TECNOLOGICA D'),
(373, 'CENTRO DE CIENCIAS DE LA '),
(374, 'CENTRO DE CIENCIAS DEL DI'),
(375, 'UNIVERSIDAD TECNOLOGICA D'),
(376, 'UNIVERSIDAD TECNOLOGICA D'),
(377, 'CIENCIAS BIOMEDICAS'),
(378, 'INSTITUTO DE EDUCACION DE'),
(379, 'CIENCIAS JURIDICAS'),
(380, 'ESCUELA DE NEGOCIOS GASTR'),
(381, 'CENTRO UNIVERSITARIO GALI'),
(382, 'CIENCIAS BIOMEDICAS'),
(383, 'INSTITUTO TECNOLOGICO'),
(384, 'INSTITUTO DE EDUCACION DE'),
(385, 'UNIVERSIDAD TECNOLOGICA D'),
(386, 'INSTITUTO ALAMEDA, A.C.'),
(387, 'DIR. DE CS ECONOMICO Y AD'),
(388, 'UNIVERSIDAD TECNOLOGICA D'),
(389, 'UNIVERSIDAD TECNOLOGICA D'),
(390, 'ESCUELA DE INGENIERIA DE '),
(391, 'I.E.A.'),
(392, 'UNIVERSIDAD TECNOLOGICA D'),
(393, 'INSTITUTO ESTATAL DE SEGU'),
(394, 'UNIVERSIDAD AUTONOMA DE C'),
(395, 'INSTITUTO TECNOLOGICO'),
(396, 'INSTITUTO DE EDUCACION DE'),
(397, 'UNIVERSIDAD TECNOLOGICA D'),
(398, 'ESCUELA DE INGENIERIA'),
(399, 'INSTITUTO DE PSICOTERAPIA'),
(400, 'INSTITUTO DE EDUCACION DE');

-- --------------------------------------------------------

--
-- Estructura de tabla para la tabla `grupos`
--

CREATE TABLE IF NOT EXISTS `grupos` (
  `id_grupo` int(11) NOT NULL AUTO_INCREMENT,
  `nomgrupo` varchar(25) DEFAULT NULL,
  PRIMARY KEY (`id_grupo`)
) ENGINE=InnoDB  DEFAULT CHARSET=latin1 AUTO_INCREMENT=401 ;

--
-- Volcado de datos para la tabla `grupos`
--

INSERT INTO `grupos` (`id_grupo`, `nomgrupo`) VALUES
(1, '1TIC2'),
(2, '5TIC2'),
(3, '2TIC3'),
(4, '5TIC3'),
(5, '6TIC2'),
(6, '3TIC3'),
(7, '6TIC2'),
(8, '6TIC2'),
(9, '2TIC3'),
(10, '1TIC2'),
(11, '5TIC3'),
(12, '1TIC2'),
(13, '5TIC2'),
(14, '3TIC2'),
(15, '5TIC1'),
(16, '5TIC2'),
(17, '6TIC2'),
(18, '3TIC3'),
(19, '7TIC1'),
(20, '7TIC1'),
(21, '5TIC2'),
(22, '2TIC3'),
(23, '5TIC2'),
(24, '1TIC2'),
(25, '2TIC3'),
(26, '6TIC3'),
(27, '8TIC1'),
(28, '8TIC3'),
(29, '5TIC3'),
(30, '3TIC2'),
(31, '4TIC3'),
(32, '3TIC1'),
(33, '5TIC1'),
(34, '7TIC2'),
(35, '5TIC1'),
(36, '6TIC2'),
(37, '1TIC3'),
(38, '2TIC2'),
(39, '5TIC3'),
(40, '8TIC2'),
(41, '7TIC3'),
(42, '3TIC3'),
(43, '4TIC1'),
(44, '2TIC'),
(45, '5TIC1'),
(46, '8TIC1'),
(47, '4TIC1'),
(48, '2TIC1'),
(49, '2TIC1'),
(50, '8TIC3'),
(51, '5TIC3'),
(52, '9TIC3'),
(53, '6TIC3'),
(54, '3TIC2'),
(55, '6TIC2'),
(56, '2TIC2'),
(57, '3TIC2'),
(58, '5TIC1'),
(59, '2TIC1'),
(60, '8TIC2'),
(61, '5TIC3'),
(62, '1TIC1'),
(63, '3TIC2'),
(64, '5TIC3'),
(65, '8TIC1'),
(66, '1TIC1'),
(67, '3TIC2'),
(68, '8TIC3'),
(69, '5TIC3'),
(70, '2TIC3'),
(71, '2TIC3'),
(72, '4TIC1'),
(73, '5TIC3'),
(74, '5TIC1'),
(75, '8TIC2'),
(76, '6TIC2'),
(77, '6TIC2'),
(78, '7TIC3'),
(79, '4TIC3'),
(80, '4TIC2'),
(81, '5TIC2'),
(82, '6TIC1'),
(83, '5TIC1'),
(84, '5TIC2'),
(85, '6TIC3'),
(86, '3TIC2'),
(87, '8TIC3'),
(88, '5TIC2'),
(89, '5TIC1'),
(90, '4TIC2'),
(91, '4TIC1'),
(92, '6TIC1'),
(93, '5TIC1'),
(94, '5TIC2'),
(95, '7TIC1'),
(96, '2TIC2'),
(97, '1TIC1'),
(98, '5TIC1'),
(99, '5TIC1'),
(100, '4TIC2'),
(101, '4TIC2'),
(102, '5TIC2'),
(103, '4TIC3'),
(104, '5TIC2'),
(105, '4TIC1'),
(106, '5TIC1'),
(107, '3TIC1'),
(108, '4TIC1'),
(109, '6TIC1'),
(110, '4TIC3'),
(111, '1TIC1'),
(112, '6TIC3'),
(113, '7TIC2'),
(114, '2TIC2'),
(115, '5TIC3'),
(116, '2TIC'),
(117, '7TIC2'),
(118, '7TIC2'),
(119, '5TIC3'),
(120, '7TIC3'),
(121, '4TIC1'),
(122, '2TIC2'),
(123, '6TIC2'),
(124, '6TIC1'),
(125, '5TIC1'),
(126, '6TIC1'),
(127, '5TIC1'),
(128, '8TIC2'),
(129, '1TIC2'),
(130, '2TIC3'),
(131, '1TIC3'),
(132, '8TIC2'),
(133, '2TIC3'),
(134, '1TIC3'),
(135, '5TIC1'),
(136, '3TIC3'),
(137, '7TIC3'),
(138, '5TIC3'),
(139, '1TIC3'),
(140, '5TIC1'),
(141, '5TIC3'),
(142, '5TIC3'),
(143, '4TIC3'),
(144, '7TIC1'),
(145, '5TIC1'),
(146, '4TIC3'),
(147, '1TIC3'),
(148, '3TIC3'),
(149, '3TIC3'),
(150, '5TIC2'),
(151, '7TIC2'),
(152, '2TIC3'),
(153, '5TIC3'),
(154, '6TIC1'),
(155, '7TIC3'),
(156, '8TIC2'),
(157, '6TIC3'),
(158, '2TIC2'),
(159, '7TIC3'),
(160, '8TIC3'),
(161, '3TIC2'),
(162, '7TIC1'),
(163, '9TIC3'),
(164, '3TIC3'),
(165, '2TIC2'),
(166, '6TIC3'),
(167, '1TIC2'),
(168, '5TIC3'),
(169, '6TIC3'),
(170, '7TIC3'),
(171, '1TIC1'),
(172, '7TIC3'),
(173, '6TIC2'),
(174, '5TIC2'),
(175, '3TIC1'),
(176, '7TIC2'),
(177, '6TIC3'),
(178, '3TIC2'),
(179, '6TIC2'),
(180, '5TIC1'),
(181, '2TIC3'),
(182, '3TIC3'),
(183, '8TIC3'),
(184, '4TIC3'),
(185, '6TIC2'),
(186, '4TIC3'),
(187, '7TIC1'),
(188, '3TIC1'),
(189, '8TIC1'),
(190, '5TIC3'),
(191, '7TIC2'),
(192, '1TIC3'),
(193, '5TIC1'),
(194, '5TIC3'),
(195, '6TIC3'),
(196, '8TIC1'),
(197, '7TIC1'),
(198, '6TIC2'),
(199, '5TIC2'),
(200, '5TIC2'),
(201, '6TIC2'),
(202, '1TIC3'),
(203, '5TIC2'),
(204, '5TIC1'),
(205, '6TIC3'),
(206, '7TIC3'),
(207, '5TIC3'),
(208, '3TIC3'),
(209, '6TIC1'),
(210, '8TIC2'),
(211, '1TIC2'),
(212, '6TIC2'),
(213, '6TIC3'),
(214, '2TIC3'),
(215, '5TIC1'),
(216, '8TIC1'),
(217, '6TIC3'),
(218, '2TIC2'),
(219, '6TIC2'),
(220, '5TIC3'),
(221, '8TIC2'),
(222, '7TIC1'),
(223, '1TIC3'),
(224, '8TIC2'),
(225, '1TIC3'),
(226, '5TIC3'),
(227, '8TIC1'),
(228, '1TIC3'),
(229, '1TIC3'),
(230, '1TIC1'),
(231, '8TIC3'),
(232, '4TIC3'),
(233, '5TIC1'),
(234, '8TIC2'),
(235, '4TIC1'),
(236, '8TIC1'),
(237, '4TIC3'),
(238, '1TIC2'),
(239, '1TIC3'),
(240, '8TIC2'),
(241, '5TIC3'),
(242, '8TIC2'),
(243, '5TIC2'),
(244, '4TIC2'),
(245, '5TIC3'),
(246, '6TIC3'),
(247, '5TIC2'),
(248, '2TIC2'),
(249, '1TIC3'),
(250, '2TIC1'),
(251, '5TIC2'),
(252, '6TIC1'),
(253, '5TIC3'),
(254, '1TIC2'),
(255, '2TIC2'),
(256, '1TIC2'),
(257, '8TIC1'),
(258, '3TIC3'),
(259, '8TIC3'),
(260, '1TIC2'),
(261, '4TIC3'),
(262, '2TIC3'),
(263, '3TIC1'),
(264, '9TIC3'),
(265, '5TIC1'),
(266, '4TIC2'),
(267, '6TIC2'),
(268, '8TIC1'),
(269, '8TIC2'),
(270, '8TIC2'),
(271, '4TIC3'),
(272, '3TIC3'),
(273, '1TIC3'),
(274, '2TIC2'),
(275, '3TIC3'),
(276, '5TIC3'),
(277, '5TIC3'),
(278, '7TIC3'),
(279, '7TIC3'),
(280, '3TIC2'),
(281, '6TIC3'),
(282, '9TIC3'),
(283, '5TIC3'),
(284, '8TIC3'),
(285, '4TIC1'),
(286, '5TIC1'),
(287, '4TIC3'),
(288, '6TIC3'),
(289, '3TIC2'),
(290, '4TIC2'),
(291, '4TIC3'),
(292, '1TIC1'),
(293, '5TIC2'),
(294, '1TIC1'),
(295, '5TIC2'),
(296, '5TIC3'),
(297, '7TIC1'),
(298, '5TIC2'),
(299, '5TIC2'),
(300, '4TIC1'),
(301, '6TIC2'),
(302, '6TIC1'),
(303, '6TIC3'),
(304, '1TIC3'),
(305, '8TIC1'),
(306, '3TIC1'),
(307, '9TIC3'),
(308, '7TIC3'),
(309, '3TIC3'),
(310, '5TIC3'),
(311, '5TIC2'),
(312, '1TIC1'),
(313, '3TIC3'),
(314, '2TIC'),
(315, '6TIC2'),
(316, '8TIC3'),
(317, '5TIC3'),
(318, '8TIC1'),
(319, '5TIC3'),
(320, '1TIC1'),
(321, '5TIC2'),
(322, '4TIC3'),
(323, '5TIC3'),
(324, '2TIC3'),
(325, '1TIC2'),
(326, '7TIC1'),
(327, '5TIC2'),
(328, '5TIC1'),
(329, '3TIC1'),
(330, '1TIC1'),
(331, '3TIC3'),
(332, '7TIC1'),
(333, '5TIC1'),
(334, '6TIC3'),
(335, '1TIC1'),
(336, '1TIC2'),
(337, '6TIC2'),
(338, '5TIC2'),
(339, '4TIC3'),
(340, '7TIC2'),
(341, '5TIC3'),
(342, '8TIC2'),
(343, '2TIC2'),
(344, '8TIC2'),
(345, '5TIC1'),
(346, '2TIC1'),
(347, '8TIC1'),
(348, '5TIC1'),
(349, '5TIC2'),
(350, '2TIC3'),
(351, '5TIC2'),
(352, '7TIC2'),
(353, '6TIC3'),
(354, '7TIC3'),
(355, '8TIC3'),
(356, '3TIC1'),
(357, '8TIC2'),
(358, '3TIC2'),
(359, '1TIC2'),
(360, '6TIC1'),
(361, '8TIC2'),
(362, '5TIC1'),
(363, '3TIC3'),
(364, '1TIC1'),
(365, '5TIC1'),
(366, '1TIC1'),
(367, '5TIC3'),
(368, '6TIC2'),
(369, '3TIC1'),
(370, '1TIC2'),
(371, '3TIC3'),
(372, '7TIC2'),
(373, '5TIC1'),
(374, '9TIC3'),
(375, '6TIC1'),
(376, '4TIC2'),
(377, '3TIC3'),
(378, '5TIC3'),
(379, '6TIC3'),
(380, '5TIC2'),
(381, '2TIC1'),
(382, '3TIC1'),
(383, '9TIC3'),
(384, '5TIC1'),
(385, '1TIC3'),
(386, '2TIC1'),
(387, '5TIC2'),
(388, '7TIC1'),
(389, '5TIC3'),
(390, '1TIC2'),
(391, '4TIC3'),
(392, '1TIC3'),
(393, '3TIC1'),
(394, '1TIC2'),
(395, '3TIC2'),
(396, '6TIC3'),
(397, '3TIC1'),
(398, '5TIC2'),
(399, '3TIC3'),
(400, '7TIC2');

-- --------------------------------------------------------

--
-- Estructura de tabla para la tabla `horarios`
--

CREATE TABLE IF NOT EXISTS `horarios` (
  `id_horario` int(11) NOT NULL AUTO_INCREMENT,
  `dia` varchar(25) DEFAULT NULL,
  `horainicio` time DEFAULT NULL,
  `horafinal` time DEFAULT NULL,
  `id_agrupacion` int(11) DEFAULT NULL,
  `id_salon` int(11) DEFAULT NULL,
  PRIMARY KEY (`id_horario`),
  KEY `id_agrupacion` (`id_agrupacion`),
  KEY `id_salon` (`id_salon`)
) ENGINE=InnoDB  DEFAULT CHARSET=latin1 AUTO_INCREMENT=401 ;

--
-- Volcado de datos para la tabla `horarios`
--

INSERT INTO `horarios` (`id_horario`, `dia`, `horainicio`, `horafinal`, `id_agrupacion`, `id_salon`) VALUES
(1, 'Miercoles', '04:43:38', '16:40:39', 1, 1),
(2, 'Viernes', '02:05:06', '10:57:16', 1, 1),
(3, 'Jueves', '12:26:17', '00:27:32', 2, 2),
(4, 'Viernes', '17:28:27', '04:35:31', 3, 3),
(5, 'Jueves', '12:28:36', '04:32:39', 4, 4),
(6, 'Jueves', '13:27:50', '04:43:37', 5, 5),
(7, 'Lunes', '06:32:41', '21:17:45', 6, 6),
(8, 'Martes', '04:43:46', '15:12:08', 7, 7),
(9, 'Martes', '05:07:30', '14:07:59', 8, 8),
(10, 'Martes', '14:26:36', '11:06:56', 9, 9),
(11, 'Martes', '20:19:28', '00:05:52', 10, 10),
(12, 'Miercoles', '08:34:24', '09:21:52', 11, 11),
(13, 'Miercoles', '12:44:04', '03:14:30', 12, 12),
(14, 'Jueves', '20:59:43', '18:13:04', 13, 13),
(15, 'Viernes', '22:39:39', '10:42:57', 14, 14),
(16, 'Viernes', '00:28:37', '06:14:07', 15, 15),
(17, 'Jueves', '00:48:17', '05:50:32', 16, 16),
(18, 'Jueves', '22:39:40', '21:17:00', 17, 17),
(19, 'Lunes', '23:58:17', '15:47:07', 18, 18),
(20, 'Miercoles', '00:11:29', '12:36:50', 19, 19),
(21, 'Viernes', '02:55:15', '15:10:09', 20, 20),
(22, 'Lunes', '17:47:24', '12:17:57', 21, 21),
(23, 'Viernes', '00:01:50', '06:13:17', 22, 22),
(24, 'Lunes', '22:50:04', '02:00:24', 23, 23),
(25, 'Jueves', '09:13:56', '01:10:00', 24, 24),
(26, 'Jueves', '03:40:32', '21:19:19', 25, 25),
(27, 'Jueves', '11:33:15', '23:17:11', 26, 26),
(28, 'Lunes', '22:09:41', '09:29:57', 27, 27),
(29, 'Lunes', '18:37:19', '09:21:23', 28, 28),
(30, 'Viernes', '09:28:35', '17:35:01', 29, 29),
(31, 'Jueves', '20:11:16', '17:36:09', 30, 30),
(32, 'Jueves', '17:36:45', '19:54:12', 31, 31),
(33, 'Miercoles', '21:51:53', '12:56:29', 32, 32),
(34, 'Jueves', '01:11:50', '22:13:57', 33, 33),
(35, 'Martes', '02:31:21', '21:40:56', 34, 34),
(36, 'Viernes', '18:25:33', '08:45:40', 35, 35),
(37, 'Viernes', '19:56:00', '00:26:21', 36, 36),
(38, 'Martes', '21:16:36', '19:19:19', 37, 37),
(39, 'Martes', '03:35:01', '12:47:17', 38, 38),
(40, 'Viernes', '05:20:00', '16:50:08', 39, 39),
(41, 'Martes', '19:24:18', '08:40:31', 40, 40),
(42, 'Lunes', '20:13:59', '18:05:50', 41, 41),
(43, 'Martes', '12:40:29', '00:11:01', 42, 42),
(44, 'Lunes', '05:04:40', '19:02:32', 43, 43),
(45, 'Lunes', '04:11:40', '11:18:05', 44, 44),
(46, 'Viernes', '22:17:27', '15:42:20', 45, 45),
(47, 'Miercoles', '06:05:25', '02:23:50', 46, 46),
(48, 'Martes', '09:22:00', '13:21:33', 47, 47),
(49, 'Viernes', '21:52:25', '01:20:00', 48, 48),
(50, 'Martes', '21:22:54', '22:03:11', 49, 49),
(51, 'Jueves', '13:49:14', '17:01:57', 50, 50),
(52, 'Viernes', '03:22:20', '13:34:17', 51, 51),
(53, 'Martes', '17:00:06', '18:54:37', 52, 52),
(54, 'Jueves', '18:03:37', '18:43:41', 53, 53),
(55, 'Jueves', '12:03:54', '19:50:13', 54, 54),
(56, 'Martes', '06:42:12', '05:34:52', 55, 55),
(57, 'Lunes', '14:16:32', '13:44:35', 56, 56),
(58, 'Miercoles', '03:43:19', '09:22:15', 57, 57),
(59, 'Miercoles', '12:09:01', '10:08:18', 58, 58),
(60, 'Miercoles', '18:13:11', '12:54:18', 59, 59),
(61, 'Viernes', '21:15:24', '18:14:58', 60, 60),
(62, 'Miercoles', '15:18:44', '20:43:51', 61, 61),
(63, 'Viernes', '11:23:18', '04:20:36', 62, 62),
(64, 'Lunes', '06:18:04', '23:15:45', 63, 63),
(65, 'Jueves', '21:46:17', '04:36:34', 64, 64),
(66, 'Miercoles', '10:48:13', '04:57:50', 65, 65),
(67, 'Martes', '09:54:34', '00:27:10', 66, 66),
(68, 'Lunes', '18:33:43', '22:45:28', 67, 67),
(69, 'Martes', '00:05:40', '22:31:46', 68, 68),
(70, 'Jueves', '19:16:47', '15:33:32', 69, 69),
(71, 'Miercoles', '13:37:57', '09:50:05', 70, 70),
(72, 'Miercoles', '15:02:43', '03:48:31', 71, 71),
(73, 'Miercoles', '23:35:57', '08:54:56', 72, 72),
(74, 'Viernes', '08:26:41', '01:39:02', 73, 73),
(75, 'Miercoles', '21:22:47', '17:33:14', 74, 74),
(76, 'Jueves', '20:31:11', '14:19:22', 75, 75),
(77, 'Miercoles', '01:14:33', '15:20:55', 76, 76),
(78, 'Lunes', '19:17:28', '23:19:59', 77, 77),
(79, 'Martes', '11:06:34', '12:49:02', 78, 78),
(80, 'Martes', '06:54:31', '04:02:20', 79, 79),
(81, 'Miercoles', '07:38:19', '15:20:52', 80, 80),
(82, 'Martes', '19:17:14', '14:24:01', 81, 81),
(83, 'Jueves', '12:20:41', '23:43:13', 82, 82),
(84, 'Viernes', '04:05:04', '22:40:53', 83, 83),
(85, 'Miercoles', '04:48:38', '05:27:50', 84, 84),
(86, 'Miercoles', '01:21:46', '10:04:47', 85, 85),
(87, 'Jueves', '19:33:17', '04:50:22', 86, 86),
(88, 'Jueves', '21:10:25', '23:54:52', 87, 87),
(89, 'Martes', '08:38:21', '05:10:00', 88, 88),
(90, 'Viernes', '13:23:31', '18:02:31', 89, 89),
(91, 'Lunes', '12:53:21', '19:34:00', 90, 90),
(92, 'Martes', '07:03:41', '05:59:56', 91, 91),
(93, 'Martes', '20:46:46', '12:27:21', 92, 92),
(94, 'Martes', '05:15:48', '00:33:45', 93, 93),
(95, 'Miercoles', '21:00:21', '15:47:03', 94, 94),
(96, 'Miercoles', '22:06:02', '01:00:14', 95, 95),
(97, 'Lunes', '23:45:52', '19:27:16', 96, 96),
(98, 'Martes', '17:05:33', '06:06:07', 97, 97),
(99, 'Martes', '05:56:47', '11:27:33', 98, 98),
(100, 'Viernes', '14:03:13', '10:24:36', 99, 99),
(101, 'Miercoles', '16:30:11', '09:10:02', 100, 100),
(102, 'Miercoles', '06:59:04', '19:33:25', 101, 101),
(103, 'Martes', '16:36:58', '01:47:11', 102, 102),
(104, 'Martes', '22:55:23', '11:17:08', 103, 103),
(105, 'Lunes', '05:12:43', '11:35:41', 104, 104),
(106, 'Jueves', '04:47:35', '20:52:58', 105, 105),
(107, 'Lunes', '02:35:40', '06:57:11', 106, 106),
(108, 'Miercoles', '02:40:41', '13:50:43', 107, 107),
(109, 'Jueves', '00:16:34', '02:52:26', 108, 108),
(110, 'Miercoles', '14:48:54', '07:37:25', 109, 109),
(111, 'Viernes', '08:19:54', '20:52:08', 110, 110),
(112, 'Lunes', '12:38:11', '00:02:02', 111, 111),
(113, 'Jueves', '17:44:11', '02:28:24', 112, 112),
(114, 'Jueves', '14:11:52', '02:04:09', 113, 113),
(115, 'Miercoles', '14:24:20', '11:22:06', 114, 114),
(116, 'Martes', '22:53:47', '12:50:30', 115, 115),
(117, 'Martes', '23:26:39', '11:49:20', 116, 116),
(118, 'Jueves', '10:29:11', '09:37:51', 117, 117),
(119, 'Martes', '09:00:55', '06:07:00', 118, 118),
(120, 'Jueves', '23:59:28', '20:03:45', 119, 119),
(121, 'Viernes', '17:33:26', '21:41:12', 120, 120),
(122, 'Viernes', '23:11:49', '22:48:13', 121, 121),
(123, 'Lunes', '06:02:23', '15:39:24', 122, 122),
(124, 'Miercoles', '09:14:57', '02:55:42', 123, 123),
(125, 'Martes', '01:07:28', '20:13:48', 124, 124),
(126, 'Miercoles', '15:13:22', '10:02:21', 125, 125),
(127, 'Martes', '04:08:17', '14:44:26', 126, 126),
(128, 'Viernes', '12:45:42', '21:58:23', 127, 127),
(129, 'Martes', '17:30:24', '05:29:04', 128, 128),
(130, 'Lunes', '18:58:04', '17:35:17', 129, 129),
(131, 'Lunes', '12:37:54', '12:50:57', 130, 130),
(132, 'Jueves', '02:11:43', '15:12:38', 131, 131),
(133, 'Jueves', '13:56:14', '20:33:17', 132, 132),
(134, 'Martes', '07:54:19', '12:19:42', 133, 133),
(135, 'Martes', '16:31:39', '15:17:44', 134, 134),
(136, 'Viernes', '22:09:01', '12:54:44', 135, 135),
(137, 'Lunes', '16:07:28', '20:54:11', 136, 136),
(138, 'Jueves', '06:46:39', '23:53:01', 137, 137),
(139, 'Jueves', '16:26:49', '03:14:56', 138, 138),
(140, 'Jueves', '19:47:21', '22:26:25', 139, 139),
(141, 'Martes', '12:42:37', '02:13:40', 140, 140),
(142, 'Miercoles', '11:36:20', '18:53:17', 141, 141),
(143, 'Miercoles', '08:15:29', '13:19:51', 142, 142),
(144, 'Jueves', '05:11:27', '04:01:48', 143, 143),
(145, 'Viernes', '09:00:09', '14:35:07', 144, 144),
(146, 'Jueves', '16:07:12', '04:09:35', 145, 145),
(147, 'Miercoles', '23:53:45', '11:40:37', 146, 146),
(148, 'Jueves', '15:41:35', '09:04:09', 147, 147),
(149, 'Lunes', '14:11:58', '07:47:43', 148, 148),
(150, 'Viernes', '08:49:59', '10:11:24', 149, 149),
(151, 'Lunes', '18:02:58', '04:58:59', 150, 150),
(152, 'Viernes', '01:59:03', '08:31:11', 151, 151),
(153, 'Martes', '22:15:05', '18:16:11', 152, 152),
(154, 'Viernes', '19:00:44', '07:47:04', 153, 153),
(155, 'Miercoles', '23:50:46', '08:26:02', 154, 154),
(156, 'Viernes', '20:15:02', '13:18:08', 155, 155),
(157, 'Lunes', '02:29:55', '22:57:00', 156, 156),
(158, 'Lunes', '10:16:07', '13:54:33', 157, 157),
(159, 'Miercoles', '21:56:59', '21:36:05', 158, 158),
(160, 'Jueves', '12:12:01', '08:49:31', 159, 159),
(161, 'Jueves', '13:03:23', '15:26:21', 160, 160),
(162, 'Martes', '17:23:16', '01:24:43', 161, 161),
(163, 'Lunes', '07:25:01', '06:35:47', 162, 162),
(164, 'Jueves', '10:06:49', '19:27:19', 163, 163),
(165, 'Lunes', '21:27:28', '05:10:43', 164, 164),
(166, 'Martes', '20:12:32', '05:35:11', 165, 165),
(167, 'Miercoles', '17:35:44', '17:41:51', 166, 166),
(168, 'Martes', '20:46:20', '19:23:06', 167, 167),
(169, 'Lunes', '13:56:35', '07:20:58', 168, 168),
(170, 'Miercoles', '16:41:23', '06:02:23', 169, 169),
(171, 'Jueves', '10:51:42', '04:52:58', 170, 170),
(172, 'Viernes', '02:23:57', '19:51:13', 171, 171),
(173, 'Martes', '16:48:10', '10:52:20', 172, 172),
(174, 'Viernes', '15:23:31', '04:37:48', 173, 173),
(175, 'Martes', '01:43:24', '11:55:37', 174, 174),
(176, 'Jueves', '07:50:47', '20:34:09', 175, 175),
(177, 'Lunes', '01:48:21', '00:54:25', 176, 176),
(178, 'Lunes', '23:52:23', '09:29:03', 177, 177),
(179, 'Martes', '12:35:29', '18:51:04', 178, 178),
(180, 'Viernes', '08:50:14', '17:30:28', 179, 179),
(181, 'Jueves', '06:26:23', '06:26:27', 180, 180),
(182, 'Jueves', '23:03:55', '18:36:35', 181, 181),
(183, 'Martes', '10:03:56', '19:33:23', 182, 182),
(184, 'Miercoles', '05:23:18', '08:28:05', 183, 183),
(185, 'Lunes', '03:02:21', '23:55:17', 184, 184),
(186, 'Martes', '06:58:52', '19:23:40', 185, 185),
(187, 'Lunes', '02:14:59', '20:53:59', 186, 186),
(188, 'Miercoles', '11:45:16', '03:32:13', 187, 187),
(189, 'Martes', '02:37:46', '22:22:47', 188, 188),
(190, 'Lunes', '10:18:11', '14:09:10', 189, 189),
(191, 'Jueves', '04:38:37', '15:10:08', 190, 190),
(192, 'Martes', '02:37:26', '04:44:22', 191, 191),
(193, 'Martes', '16:14:23', '20:03:00', 192, 192),
(194, 'Jueves', '18:12:57', '11:30:17', 193, 193),
(195, 'Martes', '12:04:53', '05:54:26', 194, 194),
(196, 'Jueves', '09:08:47', '16:32:55', 195, 195),
(197, 'Viernes', '20:42:10', '14:34:57', 196, 196),
(198, 'Martes', '17:37:34', '11:12:56', 197, 197),
(199, 'Lunes', '23:35:26', '00:02:30', 198, 198),
(200, 'Miercoles', '03:33:45', '19:35:11', 199, 199),
(201, 'Miercoles', '01:56:30', '09:28:41', 200, 200),
(202, 'Jueves', '23:33:22', '13:49:56', 201, 201),
(203, 'Jueves', '05:29:34', '21:30:13', 202, 202),
(204, 'Miercoles', '20:20:32', '17:06:12', 203, 203),
(205, 'Lunes', '03:05:46', '13:14:14', 204, 204),
(206, 'Viernes', '21:49:46', '11:46:06', 205, 205),
(207, 'Lunes', '14:02:06', '12:51:28', 206, 206),
(208, 'Lunes', '13:21:08', '12:54:10', 207, 207),
(209, 'Lunes', '22:42:27', '03:27:08', 208, 208),
(210, 'Miercoles', '13:11:19', '22:28:54', 209, 209),
(211, 'Miercoles', '08:22:32', '21:41:27', 210, 210),
(212, 'Viernes', '08:24:02', '10:25:52', 211, 211),
(213, 'Viernes', '18:56:45', '05:10:09', 212, 212),
(214, 'Jueves', '19:55:47', '13:41:04', 213, 213),
(215, 'Viernes', '05:17:20', '07:28:43', 214, 214),
(216, 'Martes', '01:19:19', '23:50:31', 215, 215),
(217, 'Jueves', '11:17:42', '08:10:37', 216, 216),
(218, 'Miercoles', '12:37:37', '12:49:10', 217, 217),
(219, 'Martes', '20:34:30', '06:59:26', 218, 218),
(220, 'Martes', '11:26:42', '08:45:23', 219, 219),
(221, 'Lunes', '14:55:10', '00:38:03', 220, 220),
(222, 'Viernes', '10:01:53', '01:03:48', 221, 221),
(223, 'Jueves', '05:05:30', '00:31:19', 222, 222),
(224, 'Jueves', '03:06:50', '16:40:25', 223, 223),
(225, 'Martes', '14:45:26', '16:54:25', 224, 224),
(226, 'Miercoles', '01:28:41', '09:44:55', 225, 225),
(227, 'Martes', '15:14:30', '14:43:47', 226, 226),
(228, 'Martes', '20:00:20', '03:27:46', 227, 227),
(229, 'Martes', '20:18:51', '04:57:57', 228, 228),
(230, 'Lunes', '08:13:58', '01:24:16', 229, 229),
(231, 'Miercoles', '22:56:40', '03:49:40', 230, 230),
(232, 'Viernes', '23:13:11', '16:23:34', 231, 231),
(233, 'Lunes', '13:01:04', '05:10:50', 232, 232),
(234, 'Viernes', '15:45:52', '08:01:57', 233, 233),
(235, 'Lunes', '13:33:03', '03:02:56', 234, 234),
(236, 'Martes', '04:16:29', '20:49:12', 235, 235),
(237, 'Viernes', '22:30:21', '00:40:30', 236, 236),
(238, 'Martes', '18:20:10', '16:00:19', 237, 237),
(239, 'Lunes', '10:13:15', '02:32:45', 238, 238),
(240, 'Martes', '11:38:57', '09:05:54', 239, 239),
(241, 'Viernes', '19:21:51', '04:41:26', 240, 240),
(242, 'Viernes', '23:40:38', '21:17:55', 241, 241),
(243, 'Miercoles', '08:18:50', '22:19:37', 242, 242),
(244, 'Jueves', '01:53:32', '14:03:09', 243, 243),
(245, 'Miercoles', '22:33:52', '22:54:39', 244, 244),
(246, 'Viernes', '09:51:46', '14:46:35', 245, 245),
(247, 'Lunes', '16:23:51', '19:34:41', 246, 246),
(248, 'Lunes', '08:15:01', '17:26:38', 247, 247),
(249, 'Martes', '03:25:24', '18:38:28', 248, 248),
(250, 'Viernes', '09:41:47', '08:29:25', 249, 249),
(251, 'Viernes', '00:22:23', '18:08:32', 250, 250),
(252, 'Miercoles', '07:26:42', '08:30:05', 251, 251),
(253, 'Miercoles', '16:30:30', '08:07:47', 252, 252),
(254, 'Viernes', '06:00:38', '17:08:06', 253, 253),
(255, 'Lunes', '21:30:55', '22:55:30', 254, 254),
(256, 'Martes', '10:25:51', '21:12:16', 255, 255),
(257, 'Jueves', '02:24:42', '08:34:40', 256, 256),
(258, 'Miercoles', '09:36:45', '17:47:54', 257, 257),
(259, 'Martes', '19:43:07', '03:34:49', 258, 258),
(260, 'Martes', '22:43:42', '23:08:45', 259, 259),
(261, 'Jueves', '19:19:20', '11:14:49', 260, 260),
(262, 'Lunes', '16:05:59', '04:53:16', 261, 261),
(263, 'Viernes', '18:24:26', '12:46:44', 262, 262),
(264, 'Miercoles', '04:16:26', '22:46:28', 263, 263),
(265, 'Jueves', '16:49:21', '08:02:30', 264, 264),
(266, 'Jueves', '20:12:30', '19:19:49', 265, 265),
(267, 'Lunes', '21:12:07', '00:27:31', 266, 266),
(268, 'Miercoles', '08:00:13', '15:06:18', 267, 267),
(269, 'Miercoles', '23:51:38', '16:49:49', 268, 268),
(270, 'Miercoles', '08:02:51', '18:43:58', 269, 269),
(271, 'Miercoles', '03:39:32', '02:45:41', 270, 270),
(272, 'Jueves', '21:28:07', '14:43:07', 271, 271),
(273, 'Jueves', '22:22:53', '06:08:44', 272, 272),
(274, 'Lunes', '09:34:43', '03:48:18', 273, 273),
(275, 'Martes', '00:02:58', '10:38:34', 274, 274),
(276, 'Martes', '08:32:28', '10:34:04', 275, 275),
(277, 'Viernes', '15:40:53', '06:12:47', 276, 276),
(278, 'Martes', '05:09:45', '17:51:08', 277, 277),
(279, 'Viernes', '05:26:28', '12:08:19', 278, 278),
(280, 'Lunes', '22:39:49', '18:52:58', 279, 279),
(281, 'Jueves', '15:56:39', '00:10:26', 280, 280),
(282, 'Miercoles', '01:01:30', '01:33:53', 281, 281),
(283, 'Miercoles', '03:13:41', '12:36:00', 282, 282),
(284, 'Martes', '04:10:30', '22:46:47', 283, 283),
(285, 'Viernes', '22:07:59', '09:51:31', 284, 284),
(286, 'Viernes', '03:52:38', '10:48:26', 285, 285),
(287, 'Viernes', '22:32:18', '11:13:24', 286, 286),
(288, 'Viernes', '18:32:40', '01:17:58', 287, 287),
(289, 'Lunes', '02:37:30', '23:08:04', 288, 288),
(290, 'Miercoles', '08:52:38', '13:34:01', 289, 289),
(291, 'Jueves', '05:10:58', '18:59:41', 290, 290),
(292, 'Miercoles', '04:04:19', '18:15:46', 291, 291),
(293, 'Viernes', '20:40:56', '07:19:40', 292, 292),
(294, 'Lunes', '10:15:19', '15:29:16', 293, 293),
(295, 'Miercoles', '07:18:04', '08:16:36', 294, 294),
(296, 'Viernes', '06:33:23', '18:10:28', 295, 295),
(297, 'Viernes', '04:11:49', '05:49:36', 296, 296),
(298, 'Lunes', '18:53:06', '02:05:33', 297, 297),
(299, 'Miercoles', '01:56:19', '18:29:51', 298, 298),
(300, 'Lunes', '18:58:01', '23:11:07', 299, 299),
(301, 'Martes', '09:07:54', '23:55:25', 300, 300),
(302, 'Viernes', '14:58:20', '11:58:49', 301, 301),
(303, 'Jueves', '12:20:20', '15:10:34', 302, 302),
(304, 'Lunes', '07:18:21', '08:55:13', 303, 303),
(305, 'Lunes', '17:07:22', '21:09:05', 304, 304),
(306, 'Jueves', '23:03:22', '21:10:12', 305, 305),
(307, 'Viernes', '11:24:29', '22:36:51', 306, 306),
(308, 'Viernes', '08:07:02', '10:37:47', 307, 307),
(309, 'Lunes', '07:35:40', '01:34:56', 308, 308),
(310, 'Lunes', '18:24:07', '11:04:38', 309, 309),
(311, 'Jueves', '17:24:07', '14:29:27', 310, 310),
(312, 'Martes', '15:08:13', '23:08:26', 311, 311),
(313, 'Jueves', '11:31:51', '07:26:22', 312, 312),
(314, 'Miercoles', '16:50:03', '05:16:23', 313, 313),
(315, 'Viernes', '00:45:50', '16:59:18', 314, 314),
(316, 'Viernes', '14:01:19', '07:53:29', 315, 315),
(317, 'Miercoles', '12:50:17', '01:46:35', 316, 316),
(318, 'Viernes', '12:32:56', '02:55:34', 317, 317),
(319, 'Lunes', '21:08:02', '03:21:47', 318, 318),
(320, 'Viernes', '17:02:15', '23:43:40', 319, 319),
(321, 'Jueves', '08:53:49', '02:50:25', 320, 320),
(322, 'Martes', '00:48:50', '11:13:32', 321, 321),
(323, 'Martes', '00:21:25', '21:26:05', 322, 322),
(324, 'Viernes', '02:36:29', '14:41:30', 323, 323),
(325, 'Martes', '04:22:20', '04:26:42', 324, 324),
(326, 'Martes', '12:42:27', '15:50:16', 325, 325),
(327, 'Miercoles', '01:16:51', '18:35:02', 326, 326),
(328, 'Lunes', '09:59:01', '15:48:27', 327, 327),
(329, 'Jueves', '23:03:36', '00:38:54', 328, 328),
(330, 'Viernes', '05:33:10', '01:06:11', 329, 329),
(331, 'Jueves', '06:02:10', '04:56:43', 330, 330),
(332, 'Viernes', '22:02:39', '08:06:09', 331, 331),
(333, 'Miercoles', '01:51:32', '10:07:36', 332, 332),
(334, 'Jueves', '22:48:19', '07:39:46', 333, 333),
(335, 'Lunes', '01:21:47', '22:41:21', 334, 334),
(336, 'Miercoles', '06:10:23', '09:13:09', 335, 335),
(337, 'Viernes', '17:09:12', '14:51:50', 336, 336),
(338, 'Miercoles', '21:57:00', '05:58:20', 337, 337),
(339, 'Viernes', '21:54:43', '21:51:15', 338, 338),
(340, 'Jueves', '06:42:14', '02:08:07', 339, 339),
(341, 'Viernes', '13:23:28', '03:29:30', 340, 340),
(342, 'Viernes', '20:04:09', '08:49:34', 341, 341),
(343, 'Martes', '00:33:08', '12:46:19', 342, 342),
(344, 'Martes', '16:52:52', '19:45:19', 343, 343),
(345, 'Miercoles', '19:39:04', '18:27:21', 344, 344),
(346, 'Lunes', '18:20:45', '14:19:02', 345, 345),
(347, 'Viernes', '04:33:32', '11:04:11', 346, 346),
(348, 'Viernes', '08:04:45', '23:07:47', 347, 347),
(349, 'Miercoles', '04:58:59', '11:58:59', 348, 348),
(350, 'Lunes', '13:48:49', '18:44:59', 349, 349),
(351, 'Jueves', '22:32:47', '20:16:37', 350, 350),
(352, 'Jueves', '18:46:12', '19:30:37', 351, 351),
(353, 'Jueves', '09:57:05', '12:43:05', 352, 352),
(354, 'Lunes', '07:40:39', '05:37:47', 353, 353),
(355, 'Viernes', '01:14:17', '02:11:36', 354, 354),
(356, 'Miercoles', '19:42:18', '16:56:34', 355, 355),
(357, 'Lunes', '13:00:27', '06:44:43', 356, 356),
(358, 'Viernes', '10:27:26', '15:33:12', 357, 357),
(359, 'Lunes', '13:42:58', '15:36:07', 358, 358),
(360, 'Jueves', '18:24:37', '01:47:17', 359, 359),
(361, 'Viernes', '11:53:51', '22:49:20', 360, 360),
(362, 'Viernes', '09:12:37', '12:15:45', 361, 361),
(363, 'Jueves', '16:14:34', '18:36:07', 362, 362),
(364, 'Miercoles', '09:55:24', '14:10:02', 363, 363),
(365, 'Jueves', '01:47:49', '21:29:57', 364, 364),
(366, 'Martes', '12:09:45', '03:16:33', 365, 365),
(367, 'Miercoles', '06:33:09', '19:52:38', 366, 366),
(368, 'Viernes', '20:26:22', '07:59:07', 367, 367),
(369, 'Miercoles', '10:09:36', '21:58:47', 368, 368),
(370, 'Viernes', '07:53:07', '01:48:22', 369, 369),
(371, 'Miercoles', '19:46:32', '03:06:54', 370, 370),
(372, 'Viernes', '06:50:47', '21:39:45', 371, 371),
(373, 'Lunes', '18:51:58', '08:29:41', 372, 372),
(374, 'Miercoles', '15:10:15', '11:09:12', 373, 373),
(375, 'Jueves', '14:08:44', '19:26:08', 374, 374),
(376, 'Viernes', '11:24:19', '19:40:12', 375, 375),
(377, 'Miercoles', '02:51:02', '22:32:30', 376, 376),
(378, 'Martes', '19:19:51', '10:32:50', 377, 377),
(379, 'Miercoles', '18:48:00', '15:41:34', 378, 378),
(380, 'Jueves', '07:11:13', '18:08:21', 379, 379),
(381, 'Martes', '20:48:33', '02:45:35', 380, 380),
(382, 'Jueves', '11:12:33', '16:41:49', 381, 381),
(383, 'Miercoles', '22:11:49', '16:46:55', 382, 382),
(384, 'Viernes', '17:50:43', '17:57:58', 383, 383),
(385, 'Miercoles', '00:08:29', '02:11:38', 384, 384),
(386, 'Martes', '07:15:44', '09:13:15', 385, 385),
(387, 'Martes', '12:19:01', '12:30:27', 386, 386),
(388, 'Martes', '12:07:03', '20:30:12', 387, 387),
(389, 'Lunes', '21:56:46', '17:16:51', 388, 388),
(390, 'Miercoles', '15:20:38', '20:50:15', 389, 389),
(391, 'Miercoles', '13:12:25', '03:55:56', 390, 390),
(392, 'Viernes', '03:47:26', '20:17:25', 391, 391),
(393, 'Miercoles', '20:34:08', '02:18:56', 392, 392),
(394, 'Martes', '17:50:30', '15:11:27', 393, 393),
(395, 'Martes', '18:04:17', '08:05:36', 394, 394),
(396, 'Miercoles', '07:38:24', '21:48:56', 395, 395),
(397, 'Viernes', '15:14:00', '04:09:12', 396, 396),
(398, 'Viernes', '20:36:37', '02:07:12', 397, 397),
(399, 'Jueves', '23:48:55', '09:51:56', 398, 398),
(400, 'Miercoles', '23:16:13', '05:18:10', 399, 399);

-- --------------------------------------------------------

--
-- Estructura de tabla para la tabla `materias`
--

CREATE TABLE IF NOT EXISTS `materias` (
  `id_materia` int(11) NOT NULL AUTO_INCREMENT,
  `nommateria` varchar(25) DEFAULT NULL,
  PRIMARY KEY (`id_materia`)
) ENGINE=InnoDB  DEFAULT CHARSET=latin1 AUTO_INCREMENT=401 ;

--
-- Volcado de datos para la tabla `materias`
--

INSERT INTO `materias` (`id_materia`, `nommateria`) VALUES
(1, 'Fisica'),
(2, 'Administracion'),
(3, 'Programacion'),
(4, 'Programacion'),
(5, 'Software'),
(6, 'Redes'),
(7, 'Proyectos'),
(8, 'Civismo'),
(9, 'Estadistica'),
(10, 'Quimica'),
(11, 'Proyectos'),
(12, 'Ingles'),
(13, 'Fisica'),
(14, 'Civismo'),
(15, 'Programacion'),
(16, 'Fisica'),
(17, 'Proyectos'),
(18, 'Artistica'),
(19, 'Español'),
(20, 'Administracion'),
(21, 'Ingles'),
(22, 'Quimica'),
(23, 'Proyectos'),
(24, 'Redes'),
(25, 'Economia'),
(26, 'Matematicas'),
(27, 'Redes'),
(28, 'Artistica'),
(29, 'Fisica'),
(30, 'Contabilidad'),
(31, 'Programacion'),
(32, 'Civismo'),
(33, 'Contabilidad'),
(34, 'Administracion'),
(35, 'Administracion'),
(36, 'Economia'),
(37, 'Administracion'),
(38, 'Artistica'),
(39, 'Programacion'),
(40, 'Estadistica'),
(41, 'Redes'),
(42, 'Administracion'),
(43, 'Quimica'),
(44, 'Fisica'),
(45, 'Fisica'),
(46, 'Contabilidad'),
(47, 'Proyectos'),
(48, 'Ciencias'),
(49, 'Fisica'),
(50, 'Ciencias'),
(51, 'Programacion'),
(52, 'Software'),
(53, 'Estadistica'),
(54, 'Español'),
(55, 'Matematicas'),
(56, 'Software'),
(57, 'Proyectos'),
(58, 'Redes'),
(59, 'Artistica'),
(60, 'Artistica'),
(61, 'Programacion'),
(62, 'Software'),
(63, 'Matematicas'),
(64, 'Matematicas'),
(65, 'Ingles'),
(66, 'Artistica'),
(67, 'Administracion'),
(68, 'Estadistica'),
(69, 'Redes'),
(70, 'Ingles'),
(71, 'Matematicas'),
(72, 'Español'),
(73, 'Fisica'),
(74, 'Ingles'),
(75, 'Contabilidad'),
(76, 'Contabilidad'),
(77, 'Programacion'),
(78, 'Quimica'),
(79, 'Software'),
(80, 'Contabilidad'),
(81, 'Administracion'),
(82, 'Ciencias'),
(83, 'Administracion'),
(84, 'Español'),
(85, 'Ingles'),
(86, 'Civismo'),
(87, 'Estadistica'),
(88, 'Contabilidad'),
(89, 'Quimica'),
(90, 'Programacion'),
(91, 'Español'),
(92, 'Fisica'),
(93, 'Matematicas'),
(94, 'Estadistica'),
(95, 'Ciencias'),
(96, 'Contabilidad'),
(97, 'Fisica'),
(98, 'Estadistica'),
(99, 'Contabilidad'),
(100, 'Ingles'),
(101, 'Economia'),
(102, 'Administracion'),
(103, 'Administracion'),
(104, 'Civismo'),
(105, 'Ciencias'),
(106, 'Proyectos'),
(107, 'Ingles'),
(108, 'Programacion'),
(109, 'Economia'),
(110, 'Proyectos'),
(111, 'Software'),
(112, 'Civismo'),
(113, 'Proyectos'),
(114, 'Español'),
(115, 'Fisica'),
(116, 'Administracion'),
(117, 'Administracion'),
(118, 'Ciencias'),
(119, 'Administracion'),
(120, 'Ciencias'),
(121, 'Proyectos'),
(122, 'Proyectos'),
(123, 'Contabilidad'),
(124, 'Español'),
(125, 'Contabilidad'),
(126, 'Redes'),
(127, 'Civismo'),
(128, 'Ciencias'),
(129, 'Estadistica'),
(130, 'Contabilidad'),
(131, 'Economia'),
(132, 'Contabilidad'),
(133, 'Economia'),
(134, 'Software'),
(135, 'Ingles'),
(136, 'Fisica'),
(137, 'Quimica'),
(138, 'Ciencias'),
(139, 'Economia'),
(140, 'Civismo'),
(141, 'Administracion'),
(142, 'Economia'),
(143, 'Civismo'),
(144, 'Artistica'),
(145, 'Programacion'),
(146, 'Fisica'),
(147, 'Ingles'),
(148, 'Economia'),
(149, 'Quimica'),
(150, 'Economia'),
(151, 'Contabilidad'),
(152, 'Fisica'),
(153, 'Matematicas'),
(154, 'Administracion'),
(155, 'Español'),
(156, 'Ciencias'),
(157, 'Español'),
(158, 'Contabilidad'),
(159, 'Administracion'),
(160, 'Economia'),
(161, 'Software'),
(162, 'Software'),
(163, 'Civismo'),
(164, 'Programacion'),
(165, 'Artistica'),
(166, 'Fisica'),
(167, 'Quimica'),
(168, 'Fisica'),
(169, 'Contabilidad'),
(170, 'Economia'),
(171, 'Programacion'),
(172, 'Español'),
(173, 'Español'),
(174, 'Contabilidad'),
(175, 'Artistica'),
(176, 'Contabilidad'),
(177, 'Administracion'),
(178, 'Ciencias'),
(179, 'Programacion'),
(180, 'Fisica'),
(181, 'Quimica'),
(182, 'Software'),
(183, 'Software'),
(184, 'Ciencias'),
(185, 'Español'),
(186, 'Estadistica'),
(187, 'Software'),
(188, 'Software'),
(189, 'Programacion'),
(190, 'Economia'),
(191, 'Español'),
(192, 'Civismo'),
(193, 'Civismo'),
(194, 'Contabilidad'),
(195, 'Civismo'),
(196, 'Matematicas'),
(197, 'Contabilidad'),
(198, 'Administracion'),
(199, 'Programacion'),
(200, 'Administracion'),
(201, 'Proyectos'),
(202, 'Ciencias'),
(203, 'Proyectos'),
(204, 'Fisica'),
(205, 'Quimica'),
(206, 'Civismo'),
(207, 'Fisica'),
(208, 'Estadistica'),
(209, 'Estadistica'),
(210, 'Fisica'),
(211, 'Quimica'),
(212, 'Español'),
(213, 'Programacion'),
(214, 'Ingles'),
(215, 'Español'),
(216, 'Quimica'),
(217, 'Proyectos'),
(218, 'Contabilidad'),
(219, 'Administracion'),
(220, 'Proyectos'),
(221, 'Ciencias'),
(222, 'Ingles'),
(223, 'Programacion'),
(224, 'Contabilidad'),
(225, 'Español'),
(226, 'Proyectos'),
(227, 'Contabilidad'),
(228, 'Contabilidad'),
(229, 'Contabilidad'),
(230, 'Contabilidad'),
(231, 'Civismo'),
(232, 'Matematicas'),
(233, 'Quimica'),
(234, 'Administracion'),
(235, 'Proyectos'),
(236, 'Fisica'),
(237, 'Español'),
(238, 'Español'),
(239, 'Matematicas'),
(240, 'Ciencias'),
(241, 'Civismo'),
(242, 'Artistica'),
(243, 'Fisica'),
(244, 'Economia'),
(245, 'Quimica'),
(246, 'Fisica'),
(247, 'Redes'),
(248, 'Ciencias'),
(249, 'Quimica'),
(250, 'Redes'),
(251, 'Civismo'),
(252, 'Artistica'),
(253, 'Español'),
(254, 'Matematicas'),
(255, 'Administracion'),
(256, 'Redes'),
(257, 'Quimica'),
(258, 'Estadistica'),
(259, 'Programacion'),
(260, 'Español'),
(261, 'Software'),
(262, 'Estadistica'),
(263, 'Artistica'),
(264, 'Software'),
(265, 'Fisica'),
(266, 'Fisica'),
(267, 'Español'),
(268, 'Proyectos'),
(269, 'Redes'),
(270, 'Proyectos'),
(271, 'Redes'),
(272, 'Quimica'),
(273, 'Civismo'),
(274, 'Redes'),
(275, 'Administracion'),
(276, 'Economia'),
(277, 'Español'),
(278, 'Ciencias'),
(279, 'Programacion'),
(280, 'Civismo'),
(281, 'Contabilidad'),
(282, 'Ciencias'),
(283, 'Ingles'),
(284, 'Quimica'),
(285, 'Ciencias'),
(286, 'Proyectos'),
(287, 'Estadistica'),
(288, 'Estadistica'),
(289, 'Programacion'),
(290, 'Ciencias'),
(291, 'Programacion'),
(292, 'Artistica'),
(293, 'Proyectos'),
(294, 'Programacion'),
(295, 'Fisica'),
(296, 'Ingles'),
(297, 'Matematicas'),
(298, 'Matematicas'),
(299, 'Economia'),
(300, 'Español'),
(301, 'Ciencias'),
(302, 'Programacion'),
(303, 'Proyectos'),
(304, 'Ciencias'),
(305, 'Quimica'),
(306, 'Matematicas'),
(307, 'Contabilidad'),
(308, 'Economia'),
(309, 'Administracion'),
(310, 'Artistica'),
(311, 'Ciencias'),
(312, 'Ingles'),
(313, 'Administracion'),
(314, 'Matematicas'),
(315, 'Redes'),
(316, 'Español'),
(317, 'Estadistica'),
(318, 'Español'),
(319, 'Redes'),
(320, 'Matematicas'),
(321, 'Quimica'),
(322, 'Matematicas'),
(323, 'Administracion'),
(324, 'Administracion'),
(325, 'Redes'),
(326, 'Matematicas'),
(327, 'Ciencias'),
(328, 'Economia'),
(329, 'Estadistica'),
(330, 'Matematicas'),
(331, 'Redes'),
(332, 'Matematicas'),
(333, 'Matematicas'),
(334, 'Quimica'),
(335, 'Proyectos'),
(336, 'Civismo'),
(337, 'Redes'),
(338, 'Artistica'),
(339, 'Redes'),
(340, 'Redes'),
(341, 'Administracion'),
(342, 'Redes'),
(343, 'Administracion'),
(344, 'Español'),
(345, 'Software'),
(346, 'Matematicas'),
(347, 'Ingles'),
(348, 'Economia'),
(349, 'Software'),
(350, 'Español'),
(351, 'Español'),
(352, 'Contabilidad'),
(353, 'Contabilidad'),
(354, 'Fisica'),
(355, 'Ciencias'),
(356, 'Civismo'),
(357, 'Software'),
(358, 'Español'),
(359, 'Contabilidad'),
(360, 'Programacion'),
(361, 'Administracion'),
(362, 'Matematicas'),
(363, 'Estadistica'),
(364, 'Artistica'),
(365, 'Estadistica'),
(366, 'Economia'),
(367, 'Administracion'),
(368, 'Redes'),
(369, 'Quimica'),
(370, 'Redes'),
(371, 'Artistica'),
(372, 'Economia'),
(373, 'Redes'),
(374, 'Software'),
(375, 'Artistica'),
(376, 'Ingles'),
(377, 'Software'),
(378, 'Ciencias'),
(379, 'Civismo'),
(380, 'Administracion'),
(381, 'Estadistica'),
(382, 'Ciencias'),
(383, 'Programacion'),
(384, 'Administracion'),
(385, 'Civismo'),
(386, 'Proyectos'),
(387, 'Matematicas'),
(388, 'Administracion'),
(389, 'Español'),
(390, 'Civismo'),
(391, 'Proyectos'),
(392, 'Programacion'),
(393, 'Redes'),
(394, 'Contabilidad'),
(395, 'Contabilidad'),
(396, 'Civismo'),
(397, 'Matematicas'),
(398, 'Artistica'),
(399, 'Programacion'),
(400, 'Quimica');

-- --------------------------------------------------------

--
-- Estructura de tabla para la tabla `parciales`
--

CREATE TABLE IF NOT EXISTS `parciales` (
  `id_parcial` int(11) NOT NULL AUTO_INCREMENT,
  `nomparcial` varchar(25) DEFAULT NULL,
  PRIMARY KEY (`id_parcial`)
) ENGINE=InnoDB  DEFAULT CHARSET=latin1 AUTO_INCREMENT=401 ;

--
-- Volcado de datos para la tabla `parciales`
--

INSERT INTO `parciales` (`id_parcial`, `nomparcial`) VALUES
(1, 'Primero'),
(2, 'Final'),
(3, 'Segundo'),
(4, 'Final'),
(5, 'Final'),
(6, 'Primero'),
(7, 'Primero'),
(8, 'Tercero'),
(9, 'Segundo'),
(10, 'Final'),
(11, 'Segundo'),
(12, 'Primero'),
(13, 'Final'),
(14, 'Final'),
(15, 'Tercero'),
(16, 'Primero'),
(17, 'Final'),
(18, 'Segundo'),
(19, 'Tercero'),
(20, 'Tercero'),
(21, 'Segundo'),
(22, 'Segundo'),
(23, 'Segundo'),
(24, 'Tercero'),
(25, 'Tercero'),
(26, 'Tercero'),
(27, 'Primero'),
(28, 'Tercero'),
(29, 'Final'),
(30, 'Primero'),
(31, 'Primero'),
(32, 'Final'),
(33, 'Primero'),
(34, 'Primero'),
(35, 'Final'),
(36, 'Segundo'),
(37, 'Tercero'),
(38, 'Primero'),
(39, 'Primero'),
(40, 'Tercero'),
(41, 'Tercero'),
(42, 'Final'),
(43, 'Segundo'),
(44, 'Tercero'),
(45, 'Segundo'),
(46, 'Tercero'),
(47, 'Segundo'),
(48, 'Segundo'),
(49, 'Tercero'),
(50, 'Segundo'),
(51, 'Tercero'),
(52, 'Primero'),
(53, 'Tercero'),
(54, 'Tercero'),
(55, 'Tercero'),
(56, 'Segundo'),
(57, 'Primero'),
(58, 'Primero'),
(59, 'Primero'),
(60, 'Final'),
(61, 'Segundo'),
(62, 'Segundo'),
(63, 'Final'),
(64, 'Segundo'),
(65, 'Primero'),
(66, 'Tercero'),
(67, 'Primero'),
(68, 'Final'),
(69, 'Segundo'),
(70, 'Tercero'),
(71, 'Primero'),
(72, 'Final'),
(73, 'Segundo'),
(74, 'Tercero'),
(75, 'Tercero'),
(76, 'Primero'),
(77, 'Segundo'),
(78, 'Tercero'),
(79, 'Primero'),
(80, 'Final'),
(81, 'Segundo'),
(82, 'Tercero'),
(83, 'Tercero'),
(84, 'Primero'),
(85, 'Segundo'),
(86, 'Segundo'),
(87, 'Primero'),
(88, 'Segundo'),
(89, 'Tercero'),
(90, 'Tercero'),
(91, 'Tercero'),
(92, 'Final'),
(93, 'Segundo'),
(94, 'Primero'),
(95, 'Tercero'),
(96, 'Primero'),
(97, 'Tercero'),
(98, 'Primero'),
(99, 'Segundo'),
(100, 'Final'),
(101, 'Segundo'),
(102, 'Tercero'),
(103, 'Segundo'),
(104, 'Tercero'),
(105, 'Primero'),
(106, 'Final'),
(107, 'Primero'),
(108, 'Segundo'),
(109, 'Tercero'),
(110, 'Primero'),
(111, 'Primero'),
(112, 'Tercero'),
(113, 'Tercero'),
(114, 'Final'),
(115, 'Primero'),
(116, 'Tercero'),
(117, 'Segundo'),
(118, 'Segundo'),
(119, 'Primero'),
(120, 'Segundo'),
(121, 'Tercero'),
(122, 'Tercero'),
(123, 'Tercero'),
(124, 'Segundo'),
(125, 'Final'),
(126, 'Segundo'),
(127, 'Segundo'),
(128, 'Final'),
(129, 'Segundo'),
(130, 'Final'),
(131, 'Tercero'),
(132, 'Segundo'),
(133, 'Segundo'),
(134, 'Final'),
(135, 'Primero'),
(136, 'Final'),
(137, 'Tercero'),
(138, 'Tercero'),
(139, 'Final'),
(140, 'Segundo'),
(141, 'Tercero'),
(142, 'Tercero'),
(143, 'Segundo'),
(144, 'Tercero'),
(145, 'Tercero'),
(146, 'Segundo'),
(147, 'Primero'),
(148, 'Tercero'),
(149, 'Segundo'),
(150, 'Segundo'),
(151, 'Final'),
(152, 'Segundo'),
(153, 'Primero'),
(154, 'Final'),
(155, 'Segundo'),
(156, 'Tercero'),
(157, 'Primero'),
(158, 'Primero'),
(159, 'Tercero'),
(160, 'Tercero'),
(161, 'Final'),
(162, 'Tercero'),
(163, 'Segundo'),
(164, 'Tercero'),
(165, 'Primero'),
(166, 'Primero'),
(167, 'Segundo'),
(168, 'Final'),
(169, 'Tercero'),
(170, 'Final'),
(171, 'Primero'),
(172, 'Segundo'),
(173, 'Segundo'),
(174, 'Tercero'),
(175, 'Segundo'),
(176, 'Segundo'),
(177, 'Primero'),
(178, 'Tercero'),
(179, 'Segundo'),
(180, 'Segundo'),
(181, 'Tercero'),
(182, 'Final'),
(183, 'Segundo'),
(184, 'Segundo'),
(185, 'Segundo'),
(186, 'Final'),
(187, 'Final'),
(188, 'Final'),
(189, 'Segundo'),
(190, 'Segundo'),
(191, 'Tercero'),
(192, 'Final'),
(193, 'Final'),
(194, 'Segundo'),
(195, 'Tercero'),
(196, 'Tercero'),
(197, 'Segundo'),
(198, 'Final'),
(199, 'Segundo'),
(200, 'Final'),
(201, 'Tercero'),
(202, 'Tercero'),
(203, 'Segundo'),
(204, 'Segundo'),
(205, 'Segundo'),
(206, 'Final'),
(207, 'Primero'),
(208, 'Primero'),
(209, 'Primero'),
(210, 'Segundo'),
(211, 'Primero'),
(212, 'Primero'),
(213, 'Final'),
(214, 'Primero'),
(215, 'Final'),
(216, 'Final'),
(217, 'Tercero'),
(218, 'Segundo'),
(219, 'Primero'),
(220, 'Primero'),
(221, 'Final'),
(222, 'Tercero'),
(223, 'Primero'),
(224, 'Tercero'),
(225, 'Segundo'),
(226, 'Final'),
(227, 'Tercero'),
(228, 'Final'),
(229, 'Final'),
(230, 'Segundo'),
(231, 'Tercero'),
(232, 'Primero'),
(233, 'Primero'),
(234, 'Final'),
(235, 'Tercero'),
(236, 'Primero'),
(237, 'Segundo'),
(238, 'Tercero'),
(239, 'Tercero'),
(240, 'Segundo'),
(241, 'Primero'),
(242, 'Tercero'),
(243, 'Segundo'),
(244, 'Tercero'),
(245, 'Final'),
(246, 'Tercero'),
(247, 'Final'),
(248, 'Primero'),
(249, 'Final'),
(250, 'Segundo'),
(251, 'Tercero'),
(252, 'Final'),
(253, 'Primero'),
(254, 'Primero'),
(255, 'Final'),
(256, 'Tercero'),
(257, 'Final'),
(258, 'Tercero'),
(259, 'Segundo'),
(260, 'Segundo'),
(261, 'Tercero'),
(262, 'Segundo'),
(263, 'Segundo'),
(264, 'Segundo'),
(265, 'Primero'),
(266, 'Tercero'),
(267, 'Primero'),
(268, 'Final'),
(269, 'Tercero'),
(270, 'Primero'),
(271, 'Final'),
(272, 'Primero'),
(273, 'Tercero'),
(274, 'Primero'),
(275, 'Segundo'),
(276, 'Tercero'),
(277, 'Final'),
(278, 'Final'),
(279, 'Segundo'),
(280, 'Segundo'),
(281, 'Segundo'),
(282, 'Tercero'),
(283, 'Primero'),
(284, 'Segundo'),
(285, 'Final'),
(286, 'Tercero'),
(287, 'Tercero'),
(288, 'Tercero'),
(289, 'Tercero'),
(290, 'Final'),
(291, 'Primero'),
(292, 'Final'),
(293, 'Primero'),
(294, 'Final'),
(295, 'Segundo'),
(296, 'Primero'),
(297, 'Primero'),
(298, 'Segundo'),
(299, 'Segundo'),
(300, 'Final'),
(301, 'Tercero'),
(302, 'Final'),
(303, 'Final'),
(304, 'Segundo'),
(305, 'Segundo'),
(306, 'Segundo'),
(307, 'Tercero'),
(308, 'Final'),
(309, 'Final'),
(310, 'Tercero'),
(311, 'Segundo'),
(312, 'Segundo'),
(313, 'Tercero'),
(314, 'Tercero'),
(315, 'Tercero'),
(316, 'Tercero'),
(317, 'Segundo'),
(318, 'Segundo'),
(319, 'Primero'),
(320, 'Primero'),
(321, 'Segundo'),
(322, 'Tercero'),
(323, 'Final'),
(324, 'Primero'),
(325, 'Tercero'),
(326, 'Primero'),
(327, 'Primero'),
(328, 'Primero'),
(329, 'Primero'),
(330, 'Tercero'),
(331, 'Tercero'),
(332, 'Segundo'),
(333, 'Segundo'),
(334, 'Primero'),
(335, 'Tercero'),
(336, 'Tercero'),
(337, 'Tercero'),
(338, 'Tercero'),
(339, 'Primero'),
(340, 'Final'),
(341, 'Primero'),
(342, 'Final'),
(343, 'Final'),
(344, 'Tercero'),
(345, 'Primero'),
(346, 'Segundo'),
(347, 'Segundo'),
(348, 'Primero'),
(349, 'Tercero'),
(350, 'Tercero'),
(351, 'Tercero'),
(352, 'Tercero'),
(353, 'Final'),
(354, 'Primero'),
(355, 'Final'),
(356, 'Segundo'),
(357, 'Primero'),
(358, 'Tercero'),
(359, 'Tercero'),
(360, 'Segundo'),
(361, 'Primero'),
(362, 'Segundo'),
(363, 'Primero'),
(364, 'Segundo'),
(365, 'Tercero'),
(366, 'Primero'),
(367, 'Tercero'),
(368, 'Segundo'),
(369, 'Segundo'),
(370, 'Primero'),
(371, 'Primero'),
(372, 'Primero'),
(373, 'Primero'),
(374, 'Segundo'),
(375, 'Final'),
(376, 'Tercero'),
(377, 'Tercero'),
(378, 'Primero'),
(379, 'Segundo'),
(380, 'Primero'),
(381, 'Segundo'),
(382, 'Final'),
(383, 'Final'),
(384, 'Segundo'),
(385, 'Final'),
(386, 'Segundo'),
(387, 'Segundo'),
(388, 'Segundo'),
(389, 'Primero'),
(390, 'Final'),
(391, 'Final'),
(392, 'Primero'),
(393, 'Segundo'),
(394, 'Tercero'),
(395, 'Segundo'),
(396, 'Tercero'),
(397, 'Final'),
(398, 'Primero'),
(399, 'Segundo'),
(400, 'Final');

-- --------------------------------------------------------

--
-- Estructura de tabla para la tabla `periodos`
--

CREATE TABLE IF NOT EXISTS `periodos` (
  `id_periodo` int(11) NOT NULL AUTO_INCREMENT,
  `nomperiodo` varchar(25) DEFAULT NULL,
  PRIMARY KEY (`id_periodo`)
) ENGINE=InnoDB  DEFAULT CHARSET=latin1 AUTO_INCREMENT=401 ;

--
-- Volcado de datos para la tabla `periodos`
--

INSERT INTO `periodos` (`id_periodo`, `nomperiodo`) VALUES
(1, 'May-Ago 1996'),
(2, 'Ene-Abr 2010'),
(3, 'May-Ago 2017'),
(4, 'Ene-Abr 2010'),
(5, 'May-Ago 2012'),
(6, 'Sep-Dic 2010'),
(7, 'Sep-Dic 2010'),
(8, 'May-Ago 1988'),
(9, 'May-Ago 2010'),
(10, 'May-Ago 2019'),
(11, 'Ene-Abr 2010'),
(12, 'Sep-Dic 1990'),
(13, 'Ene-Abr 2014'),
(14, 'Ene-Abr 2010'),
(15, 'Ene-Abr 2010'),
(16, 'May-Ago 1997'),
(17, 'Sep-Dic 2010'),
(18, 'May-Ago 2010'),
(19, 'Ene-Abr 2010'),
(20, 'Sep-Dic 1994'),
(21, 'Ene-Abr 2010'),
(22, 'Ene-Abr 2017'),
(23, 'Sep-Dic 1999'),
(24, 'Ene-Abr 2010'),
(25, 'Sep-Dic 1992'),
(26, 'Ene-Abr 2010'),
(27, 'May-Ago 2009'),
(28, 'Ene-Abr 2010'),
(29, 'Ene-Abr 2007'),
(30, 'May-Ago 2007'),
(31, 'May-Ago 2014'),
(32, 'May-Ago 2005'),
(33, 'Ene-Abr 2009'),
(34, 'May-Ago 2010'),
(35, 'Sep-Dic 2010'),
(36, 'May-Ago 2015'),
(37, 'May-Ago 2014'),
(38, 'Sep-Dic 2004'),
(39, 'Ene-Abr 2010'),
(40, 'May-Ago 2001'),
(41, 'May-Ago 2017'),
(42, 'Ene-Abr 2010'),
(43, 'Sep-Dic 1996'),
(44, 'Ene-Abr 2010'),
(45, 'May-Ago 1993'),
(46, 'May-Ago 1996'),
(47, 'May-Ago 2014'),
(48, 'Sep-Dic 1991'),
(49, 'May-Ago 1992'),
(50, 'Ene-Abr 2010'),
(51, 'May-Ago 2016'),
(52, 'May-Ago 1994'),
(53, 'May-Ago 1998'),
(54, 'May-Ago 1985'),
(55, 'Ene-Abr 2010'),
(56, 'May-Ago 1999'),
(57, 'May-Ago 2020'),
(58, 'Ene-Abr 2010'),
(59, 'Ene-Abr 2010'),
(60, 'Ene-Abr 2010'),
(61, 'May-Ago 2010'),
(62, 'May-Ago 2008'),
(63, 'May-Ago 2002'),
(64, 'May-Ago 2017'),
(65, 'Ene-Abr 2010'),
(66, 'Sep-Dic 1994'),
(67, 'May-Ago 2005'),
(68, 'Sep-Dic 1990'),
(69, 'Ene-Abr 2010'),
(70, 'Ene-Abr 2017'),
(71, 'Ene-Abr 2010'),
(72, 'Ene-Abr 2010'),
(73, 'Ene-Abr 2010'),
(74, 'May-Ago 1988'),
(75, 'Sep-Dic 1996'),
(76, 'Ene-Abr 2010'),
(77, 'Ene-Abr 2010'),
(78, 'Sep-Dic 2010'),
(79, 'Sep-Dic 1990'),
(80, 'Ene-Abr 2010'),
(81, 'Ene-Abr 2010'),
(82, 'Ene-Abr 2016'),
(83, 'Ene-Abr 2010'),
(84, 'Ene-Abr 2010'),
(85, 'May-Ago 1994'),
(86, 'Ene-Abr 2010'),
(87, 'Sep-Dic 1991'),
(88, 'Ene-Abr 2010'),
(89, 'May-Ago 2016'),
(90, 'May-Ago 2016'),
(91, 'Ene-Abr 2010'),
(92, 'Ene-Abr 2010'),
(93, 'Sep-Dic 2010'),
(94, 'May-Ago 2009'),
(95, 'May-Ago 2022'),
(96, 'Ene-Abr 2010'),
(97, 'May-Ago 1986'),
(98, 'May-Ago 2012'),
(99, 'Ene-Abr 2010'),
(100, 'May-Ago 2007'),
(101, 'May-Ago 1993'),
(102, 'Ene-Abr 2010'),
(103, 'May-Ago 1997'),
(104, 'Ene-Abr 2008'),
(105, 'Ene-Abr 2016'),
(106, 'May-Ago 1991'),
(107, 'May-Ago 2006'),
(108, 'May-Ago 1990'),
(109, 'May-Ago 2021'),
(110, 'Sep-Dic 2010'),
(111, 'Ene-Abr 2010'),
(112, 'May-Ago 1989'),
(113, 'May-Ago 1989'),
(114, 'May-Ago 2017'),
(115, 'May-Ago 2016'),
(116, 'May-Ago 2014'),
(117, 'Ene-Abr 2010'),
(118, 'May-Ago 2019'),
(119, 'Ene-Abr 2010'),
(120, 'Ene-Abr 2010'),
(121, 'Ene-Abr 2010'),
(122, 'Ene-Abr 2010'),
(123, 'Ene-Abr 2010'),
(124, 'May-Ago 2009'),
(125, 'Ene-Abr 2010'),
(126, 'May-Ago 1988'),
(127, 'May-Ago 1988'),
(128, 'Ene-Abr 2010'),
(129, 'Sep-Dic 2005'),
(130, 'May-Ago 2012'),
(131, 'Ene-Abr 2010'),
(132, 'May-Ago 2006'),
(133, 'Sep-Dic 2001'),
(134, 'Ene-Abr 2010'),
(135, 'May-Ago 2007'),
(136, 'Ene-Abr 2010'),
(137, 'Ene-Abr 2010'),
(138, 'May-Ago 2011'),
(139, 'Ene-Abr 2010'),
(140, 'May-Ago 2013'),
(141, 'Sep-Dic 1989'),
(142, 'Ene-Abr 2010'),
(143, 'Sep-Dic 1992'),
(144, 'Ene-Abr 2011'),
(145, 'May-Ago 2014'),
(146, 'Ene-Abr 2010'),
(147, 'Ene-Abr 2007'),
(148, 'May-Ago 2010'),
(149, 'Ene-Abr 2010'),
(150, 'Ene-Abr 2010'),
(151, 'May-Ago 2016'),
(152, 'May-Ago 2015'),
(153, 'May-Ago 1985'),
(154, 'May-Ago 2016'),
(155, 'Ene-Abr 2010'),
(156, 'May-Ago 1994'),
(157, 'Ene-Abr 2011'),
(158, 'May-Ago 2011'),
(159, 'May-Ago 1990'),
(160, 'Sep-Dic 1997'),
(161, 'Sep-Dic 2004'),
(162, 'May-Ago 2009'),
(163, 'Ene-Abr 2012'),
(164, 'Sep-Dic 1990'),
(165, 'Ene-Abr 2010'),
(166, 'Sep-Dic 2002'),
(167, 'Sep-Dic 2010'),
(168, 'Sep-Dic 1999'),
(169, 'Ene-Abr 2010'),
(170, 'May-Ago 1997'),
(171, 'Sep-Dic 1996'),
(172, 'May-Ago 2016'),
(173, 'May-Ago 1994'),
(174, 'May-Ago 2012'),
(175, 'Sep-Dic 1993'),
(176, 'Ene-Abr 2010'),
(177, 'May-Ago 1993'),
(178, 'Sep-Dic 2010'),
(179, 'Ene-Abr 2010'),
(180, 'Ene-Abr 2012'),
(181, 'May-Ago 1996'),
(182, 'Ene-Abr 2010'),
(183, 'May-Ago 1997'),
(184, 'Sep-Dic 1992'),
(185, 'Ene-Abr 2010'),
(186, 'May-Ago 1991'),
(187, 'May-Ago 2013'),
(188, 'May-Ago 2012'),
(189, 'May-Ago 2016'),
(190, 'Ene-Abr 2010'),
(191, 'Sep-Dic 2002'),
(192, 'Sep-Dic 2010'),
(193, 'May-Ago 1985'),
(194, 'Ene-Abr 2010'),
(195, 'Ene-Abr 2010'),
(196, 'May-Ago 1994'),
(197, 'Ene-Abr 2014'),
(198, 'Sep-Dic 1994'),
(199, 'Ene-Abr 2017'),
(200, 'Ene-Abr 2010'),
(201, 'Sep-Dic 2000'),
(202, 'Ene-Abr 2011'),
(203, 'Ene-Abr 2010'),
(204, 'May-Ago 2004'),
(205, 'Ene-Abr 2010'),
(206, 'Ene-Abr 2010'),
(207, 'May-Ago 2016'),
(208, 'Ene-Abr 2010'),
(209, 'Sep-Dic 2005'),
(210, 'Ene-Abr 2010'),
(211, 'Sep-Dic 1997'),
(212, 'Ene-Abr 2010'),
(213, 'Sep-Dic 2010'),
(214, 'Sep-Dic 1989'),
(215, 'May-Ago 1995'),
(216, 'Sep-Dic 1999'),
(217, 'May-Ago 2004'),
(218, 'May-Ago 2005'),
(219, 'May-Ago 1999'),
(220, 'May-Ago 2010'),
(221, 'Sep-Dic 2010'),
(222, 'Ene-Abr 2010'),
(223, 'Ene-Abr 2010'),
(224, 'Sep-Dic 1994'),
(225, 'Sep-Dic 1991'),
(226, 'May-Ago 2003'),
(227, 'May-Ago 2012'),
(228, 'May-Ago 1985'),
(229, 'Sep-Dic 1995'),
(230, 'May-Ago 2021'),
(231, 'May-Ago 2015'),
(232, 'May-Ago 2006'),
(233, 'Ene-Abr 2014'),
(234, 'Ene-Abr 2011'),
(235, 'May-Ago 1986'),
(236, 'Sep-Dic 2010'),
(237, 'Ene-Abr 2012'),
(238, 'May-Ago 2016'),
(239, 'Ene-Abr 2010'),
(240, 'Sep-Dic 2010'),
(241, 'Ene-Abr 2014'),
(242, 'May-Ago 2013'),
(243, 'May-Ago 2000'),
(244, 'May-Ago 2012'),
(245, 'May-Ago 1999'),
(246, 'May-Ago 2021'),
(247, 'Ene-Abr 2016'),
(248, 'Sep-Dic 1991'),
(249, 'May-Ago 2019'),
(250, 'Ene-Abr 2010'),
(251, 'Sep-Dic 2005'),
(252, 'Ene-Abr 2015'),
(253, 'May-Ago 2016'),
(254, 'Ene-Abr 2007'),
(255, 'May-Ago 2020'),
(256, 'May-Ago 1998'),
(257, 'May-Ago 2000'),
(258, 'Ene-Abr 2010'),
(259, 'Sep-Dic 1997'),
(260, 'Sep-Dic 1992'),
(261, 'Ene-Abr 2010'),
(262, 'May-Ago 2022'),
(263, 'May-Ago 2002'),
(264, 'Ene-Abr 2010'),
(265, 'May-Ago 2022'),
(266, 'May-Ago 2018'),
(267, 'Sep-Dic 1989'),
(268, 'May-Ago 2015'),
(269, 'May-Ago 2015'),
(270, 'Sep-Dic 1993'),
(271, 'Ene-Abr 2010'),
(272, 'May-Ago 2012'),
(273, 'Ene-Abr 2010'),
(274, 'Sep-Dic 2003'),
(275, 'May-Ago 1991'),
(276, 'Ene-Abr 2010'),
(277, 'Ene-Abr 2012'),
(278, 'Sep-Dic 1999'),
(279, 'Sep-Dic 2010'),
(280, 'Ene-Abr 2016'),
(281, 'Sep-Dic 2010'),
(282, 'May-Ago 1997'),
(283, 'May-Ago 2005'),
(284, 'May-Ago 2019'),
(285, 'Ene-Abr 2010'),
(286, 'May-Ago 2022'),
(287, 'May-Ago 2011'),
(288, 'May-Ago 2005'),
(289, 'Ene-Abr 2013'),
(290, 'Ene-Abr 2010'),
(291, 'Sep-Dic 2000'),
(292, 'May-Ago 2021'),
(293, 'May-Ago 1992'),
(294, 'May-Ago 1991'),
(295, 'Ene-Abr 2010'),
(296, 'Sep-Dic 2000'),
(297, 'May-Ago 1994'),
(298, 'Ene-Abr 2007'),
(299, 'Sep-Dic 1992'),
(300, 'May-Ago 2017'),
(301, 'Ene-Abr 2009'),
(302, 'Ene-Abr 2010'),
(303, 'May-Ago 1999'),
(304, 'Ene-Abr 2010'),
(305, 'Ene-Abr 2010'),
(306, 'Sep-Dic 1989'),
(307, 'May-Ago 2013'),
(308, 'May-Ago 2006'),
(309, 'Ene-Abr 2010'),
(310, 'May-Ago 2006'),
(311, 'Sep-Dic 1991'),
(312, 'Ene-Abr 2016'),
(313, 'Sep-Dic 1998'),
(314, 'May-Ago 2002'),
(315, 'May-Ago 2010'),
(316, 'Ene-Abr 2009'),
(317, 'Sep-Dic 1992'),
(318, 'May-Ago 2013'),
(319, 'Ene-Abr 2010'),
(320, 'Ene-Abr 2014'),
(321, 'Sep-Dic 2001'),
(322, 'Sep-Dic 2010'),
(323, 'Ene-Abr 2010'),
(324, 'May-Ago 1995'),
(325, 'May-Ago 1993'),
(326, 'May-Ago 2010'),
(327, 'Ene-Abr 2010'),
(328, 'May-Ago 2004'),
(329, 'May-Ago 2022'),
(330, 'May-Ago 1989'),
(331, 'May-Ago 2020'),
(332, 'Sep-Dic 2003'),
(333, 'Ene-Abr 2013'),
(334, 'Ene-Abr 2010'),
(335, 'Ene-Abr 2016'),
(336, 'May-Ago 2016'),
(337, 'Ene-Abr 2010'),
(338, 'May-Ago 2015'),
(339, 'Ene-Abr 2014'),
(340, 'May-Ago 2017'),
(341, 'May-Ago 2015'),
(342, 'Ene-Abr 2010'),
(343, 'Ene-Abr 2010'),
(344, 'Sep-Dic 2000'),
(345, 'Ene-Abr 2010'),
(346, 'Ene-Abr 2010'),
(347, 'May-Ago 2013'),
(348, 'Ene-Abr 2010'),
(349, 'Sep-Dic 1996'),
(350, 'May-Ago 1994'),
(351, 'Ene-Abr 2010'),
(352, 'Ene-Abr 2010'),
(353, 'May-Ago 2020'),
(354, 'Ene-Abr 2017'),
(355, 'May-Ago 2004'),
(356, 'May-Ago 1985'),
(357, 'Ene-Abr 2010'),
(358, 'May-Ago 2001'),
(359, 'May-Ago 2012'),
(360, 'May-Ago 1994'),
(361, 'Ene-Abr 2010'),
(362, 'May-Ago 2005'),
(363, 'Sep-Dic 1995'),
(364, 'May-Ago 2012'),
(365, 'May-Ago 2015'),
(366, 'May-Ago 1988'),
(367, 'Ene-Abr 2018'),
(368, 'Ene-Abr 2010'),
(369, 'Sep-Dic 1989'),
(370, 'Ene-Abr 2009'),
(371, 'Sep-Dic 1992'),
(372, 'Ene-Abr 2012'),
(373, 'May-Ago 2015'),
(374, 'Ene-Abr 2010'),
(375, 'Ene-Abr 2012'),
(376, 'Ene-Abr 2008'),
(377, 'May-Ago 2005'),
(378, 'Ene-Abr 2010'),
(379, 'Sep-Dic 1991'),
(380, 'Sep-Dic 1996'),
(381, 'May-Ago 2013'),
(382, 'May-Ago 1988'),
(383, 'May-Ago 2015'),
(384, 'May-Ago 2019'),
(385, 'Ene-Abr 2016'),
(386, 'May-Ago 2015'),
(387, 'Sep-Dic 1991'),
(388, 'Ene-Abr 2010'),
(389, 'Sep-Dic 1993'),
(390, 'May-Ago 2006'),
(391, 'Ene-Abr 2010'),
(392, 'Sep-Dic 1994'),
(393, 'Sep-Dic 2000'),
(394, 'May-Ago 2021'),
(395, 'Sep-Dic 1996'),
(396, 'Ene-Abr 2016'),
(397, 'May-Ago 2012'),
(398, 'May-Ago 2022'),
(399, 'Sep-Dic 2000'),
(400, 'May-Ago 1990');

-- --------------------------------------------------------

--
-- Estructura de tabla para la tabla `salones`
--

CREATE TABLE IF NOT EXISTS `salones` (
  `id_salon` int(11) NOT NULL AUTO_INCREMENT,
  `nomsalon` varchar(25) DEFAULT NULL,
  PRIMARY KEY (`id_salon`)
) ENGINE=InnoDB  DEFAULT CHARSET=latin1 AUTO_INCREMENT=401 ;

--
-- Volcado de datos para la tabla `salones`
--

INSERT INTO `salones` (`id_salon`, `nomsalon`) VALUES
(1, 'CB06'),
(2, 'CA09'),
(3, 'CA05'),
(4, 'CB10'),
(5, 'CA10'),
(6, 'CA10'),
(7, 'CA06'),
(8, 'CA01'),
(9, 'CA08'),
(10, 'CA03'),
(11, 'CB06'),
(12, 'CA10'),
(13, 'CA03'),
(14, 'CB08'),
(15, 'CB05'),
(16, 'CA04'),
(17, 'CA09'),
(18, 'CA02'),
(19, 'CB04'),
(20, 'CB10'),
(21, 'CB09'),
(22, 'CA02'),
(23, 'CB08'),
(24, 'CB08'),
(25, 'CB01'),
(26, 'CA07'),
(27, 'CA07'),
(28, 'CB05'),
(29, 'CA10'),
(30, 'CB08'),
(31, 'CB01'),
(32, 'CB07'),
(33, 'CA07'),
(34, 'CA02'),
(35, 'CA08'),
(36, 'CB10'),
(37, 'CB04'),
(38, 'CB01'),
(39, 'CA08'),
(40, 'CA04'),
(41, 'CB03'),
(42, 'CA06'),
(43, 'CB07'),
(44, 'CB10'),
(45, 'CB06'),
(46, 'CA08'),
(47, 'CA04'),
(48, 'CB08'),
(49, 'CA08'),
(50, 'CB04'),
(51, 'CB09'),
(52, 'CA03'),
(53, 'CA07'),
(54, 'CB01'),
(55, 'CB09'),
(56, 'CB02'),
(57, 'CB10'),
(58, 'CB07'),
(59, 'CA02'),
(60, 'CA04'),
(61, 'CB07'),
(62, 'CA04'),
(63, 'CA07'),
(64, 'CA09'),
(65, 'CB02'),
(66, 'CB09'),
(67, 'CA07'),
(68, 'CA09'),
(69, 'CB06'),
(70, 'CB07'),
(71, 'CA07'),
(72, 'CB08'),
(73, 'CA10'),
(74, 'CA01'),
(75, 'CA01'),
(76, 'CB06'),
(77, 'CA02'),
(78, 'CA05'),
(79, 'CA04'),
(80, 'CB08'),
(81, 'CB06'),
(82, 'CB04'),
(83, 'CB06'),
(84, 'CA08'),
(85, 'CB02'),
(86, 'CB04'),
(87, 'CB07'),
(88, 'CB10'),
(89, 'CB06'),
(90, 'CB05'),
(91, 'CB08'),
(92, 'CA08'),
(93, 'CA09'),
(94, 'CA08'),
(95, 'CA03'),
(96, 'CB08'),
(97, 'CA04'),
(98, 'CA08'),
(99, 'CB02'),
(100, 'CB07'),
(101, 'CA03'),
(102, 'CB07'),
(103, 'CB04'),
(104, 'CA07'),
(105, 'CA10'),
(106, 'CA09'),
(107, 'CA10'),
(108, 'CB04'),
(109, 'CA07'),
(110, 'CA02'),
(111, 'CA04'),
(112, 'CB01'),
(113, 'CA06'),
(114, 'CB06'),
(115, 'CA09'),
(116, 'CB01'),
(117, 'CA01'),
(118, 'CB03'),
(119, 'CB06'),
(120, 'CA06'),
(121, 'CB10'),
(122, 'CA08'),
(123, 'CB08'),
(124, 'CB05'),
(125, 'CA08'),
(126, 'CB08'),
(127, 'CB09'),
(128, 'CB02'),
(129, 'CB09'),
(130, 'CA09'),
(131, 'CB06'),
(132, 'CB04'),
(133, 'CB06'),
(134, 'CB01'),
(135, 'CB05'),
(136, 'CA04'),
(137, 'CB04'),
(138, 'CA06'),
(139, 'CA05'),
(140, 'CB06'),
(141, 'CB04'),
(142, 'CA02'),
(143, 'CB07'),
(144, 'CA09'),
(145, 'CA09'),
(146, 'CA05'),
(147, 'CB04'),
(148, 'CA01'),
(149, 'CA03'),
(150, 'CA01'),
(151, 'CA06'),
(152, 'CB01'),
(153, 'CA03'),
(154, 'CA09'),
(155, 'CB02'),
(156, 'CA04'),
(157, 'CB04'),
(158, 'CB07'),
(159, 'CB04'),
(160, 'CB07'),
(161, 'CB07'),
(162, 'CA08'),
(163, 'CB08'),
(164, 'CA03'),
(165, 'CB03'),
(166, 'CB05'),
(167, 'CA01'),
(168, 'CB08'),
(169, 'CA04'),
(170, 'CB03'),
(171, 'CB10'),
(172, 'CB03'),
(173, 'CA06'),
(174, 'CB09'),
(175, 'CA04'),
(176, 'CA01'),
(177, 'CA09'),
(178, 'CB07'),
(179, 'CA08'),
(180, 'CB02'),
(181, 'CA10'),
(182, 'CB02'),
(183, 'CA04'),
(184, 'CA10'),
(185, 'CA05'),
(186, 'CA03'),
(187, 'CA01'),
(188, 'CA01'),
(189, 'CA04'),
(190, 'CB05'),
(191, 'CA09'),
(192, 'CA04'),
(193, 'CB04'),
(194, 'CB04'),
(195, 'CA10'),
(196, 'CA05'),
(197, 'CB10'),
(198, 'CB07'),
(199, 'CB04'),
(200, 'CB08'),
(201, 'CB04'),
(202, 'CA02'),
(203, 'CB08'),
(204, 'CB09'),
(205, 'CB04'),
(206, 'CA10'),
(207, 'CA10'),
(208, 'CB01'),
(209, 'CB01'),
(210, 'CA09'),
(211, 'CB05'),
(212, 'CB09'),
(213, 'CA04'),
(214, 'CA06'),
(215, 'CA08'),
(216, 'CB08'),
(217, 'CB04'),
(218, 'CA06'),
(219, 'CA03'),
(220, 'CA09'),
(221, 'CA01'),
(222, 'CB02'),
(223, 'CA07'),
(224, 'CA07'),
(225, 'CA04'),
(226, 'CA06'),
(227, 'CB02'),
(228, 'CA06'),
(229, 'CA08'),
(230, 'CB05'),
(231, 'CB01'),
(232, 'CA10'),
(233, 'CA07'),
(234, 'CA04'),
(235, 'CB05'),
(236, 'CA01'),
(237, 'CA03'),
(238, 'CB07'),
(239, 'CA02'),
(240, 'CB03'),
(241, 'CB04'),
(242, 'CB01'),
(243, 'CB02'),
(244, 'CA05'),
(245, 'CA03'),
(246, 'CA03'),
(247, 'CB03'),
(248, 'CB03'),
(249, 'CA08'),
(250, 'CB10'),
(251, 'CB01'),
(252, 'CA07'),
(253, 'CA06'),
(254, 'CB06'),
(255, 'CA04'),
(256, 'CB04'),
(257, 'CB06'),
(258, 'CA04'),
(259, 'CB08'),
(260, 'CA10'),
(261, 'CA01'),
(262, 'CA09'),
(263, 'CA03'),
(264, 'CB04'),
(265, 'CA01'),
(266, 'CB01'),
(267, 'CB07'),
(268, 'CB07'),
(269, 'CB06'),
(270, 'CB01'),
(271, 'CB10'),
(272, 'CB09'),
(273, 'CA08'),
(274, 'CA05'),
(275, 'CA05'),
(276, 'CB03'),
(277, 'CB07'),
(278, 'CB09'),
(279, 'CB03'),
(280, 'CA01'),
(281, 'CB04'),
(282, 'CB08'),
(283, 'CB08'),
(284, 'CA04'),
(285, 'CB06'),
(286, 'CA08'),
(287, 'CB07'),
(288, 'CB07'),
(289, 'CB07'),
(290, 'CA07'),
(291, 'CA08'),
(292, 'CB09'),
(293, 'CA02'),
(294, 'CA10'),
(295, 'CA03'),
(296, 'CB03'),
(297, 'CA08'),
(298, 'CA01'),
(299, 'CB02'),
(300, 'CA06'),
(301, 'CA10'),
(302, 'CA09'),
(303, 'CA08'),
(304, 'CA05'),
(305, 'CB04'),
(306, 'CB08'),
(307, 'CA09'),
(308, 'CA08'),
(309, 'CA03'),
(310, 'CB03'),
(311, 'CB03'),
(312, 'CB07'),
(313, 'CB09'),
(314, 'CA01'),
(315, 'CB02'),
(316, 'CA09'),
(317, 'CA09'),
(318, 'CB01'),
(319, 'CA10'),
(320, 'CB05'),
(321, 'CA06'),
(322, 'CA06'),
(323, 'CA03'),
(324, 'CA05'),
(325, 'CA01'),
(326, 'CB02'),
(327, 'CA08'),
(328, 'CB01'),
(329, 'CA05'),
(330, 'CA10'),
(331, 'CA02'),
(332, 'CB06'),
(333, 'CA04'),
(334, 'CA08'),
(335, 'CA07'),
(336, 'CA08'),
(337, 'CA01'),
(338, 'CB01'),
(339, 'CA07'),
(340, 'CA01'),
(341, 'CA05'),
(342, 'CA04'),
(343, 'CA05'),
(344, 'CB07'),
(345, 'CA03'),
(346, 'CB06'),
(347, 'CB07'),
(348, 'CA06'),
(349, 'CA06'),
(350, 'CA08'),
(351, 'CB01'),
(352, 'CA03'),
(353, 'CB07'),
(354, 'CA09'),
(355, 'CB06'),
(356, 'CA05'),
(357, 'CB07'),
(358, 'CB05'),
(359, 'CB10'),
(360, 'CA01'),
(361, 'CB03'),
(362, 'CB07'),
(363, 'CB08'),
(364, 'CA04'),
(365, 'CB10'),
(366, 'CB10'),
(367, 'CA06'),
(368, 'CB01'),
(369, 'CB03'),
(370, 'CA01'),
(371, 'CB02'),
(372, 'CB02'),
(373, 'CB08'),
(374, 'CA07'),
(375, 'CA05'),
(376, 'CB03'),
(377, 'CA08'),
(378, 'CB02'),
(379, 'CB03'),
(380, 'CA01'),
(381, 'CA07'),
(382, 'CB04'),
(383, 'CB01'),
(384, 'CB08'),
(385, 'CA10'),
(386, 'CA08'),
(387, 'CB08'),
(388, 'CA03'),
(389, 'CB01'),
(390, 'CA09'),
(391, 'CA04'),
(392, 'CB02'),
(393, 'CB03'),
(394, 'CA09'),
(395, 'CA05'),
(396, 'CB05'),
(397, 'CB09'),
(398, 'CA09'),
(399, 'CA08'),
(400, 'CA07');

-- --------------------------------------------------------

--
-- Estructura de tabla para la tabla `tipoalumnos`
--

CREATE TABLE IF NOT EXISTS `tipoalumnos` (
  `id_tipoalumno` int(11) NOT NULL AUTO_INCREMENT,
  `tipoalumno` varchar(25) DEFAULT NULL,
  PRIMARY KEY (`id_tipoalumno`)
) ENGINE=InnoDB  DEFAULT CHARSET=latin1 AUTO_INCREMENT=401 ;

--
-- Volcado de datos para la tabla `tipoalumnos`
--

INSERT INTO `tipoalumnos` (`id_tipoalumno`, `tipoalumno`) VALUES
(1, 'Maestria'),
(2, 'Ingenieria'),
(3, 'Maestria'),
(4, 'Maestria'),
(5, 'Ingenieria'),
(6, 'Maestria'),
(7, 'Maestria'),
(8, 'TSU'),
(9, 'Ingenieria'),
(10, 'Bachillerato'),
(11, 'Bachillerato'),
(12, 'Maestria'),
(13, 'Maestria'),
(14, 'TSU'),
(15, 'Bachillerato'),
(16, 'TSU'),
(17, 'TSU'),
(18, 'Ingenieria'),
(19, 'Maestria'),
(20, 'Ingenieria'),
(21, 'Bachillerato'),
(22, 'Ingenieria'),
(23, 'Bachillerato'),
(24, 'Ingenieria'),
(25, 'Ingenieria'),
(26, 'TSU'),
(27, 'Bachillerato'),
(28, 'Ingenieria'),
(29, 'Maestria'),
(30, 'Maestria'),
(31, 'Maestria'),
(32, 'Bachillerato'),
(33, 'Bachillerato'),
(34, 'Maestria'),
(35, 'Maestria'),
(36, 'Bachillerato'),
(37, 'Bachillerato'),
(38, 'TSU'),
(39, 'Maestria'),
(40, 'Ingenieria'),
(41, 'Maestria'),
(42, 'Maestria'),
(43, 'Maestria'),
(44, 'Bachillerato'),
(45, 'TSU'),
(46, 'Maestria'),
(47, 'TSU'),
(48, 'Bachillerato'),
(49, 'TSU'),
(50, 'Bachillerato'),
(51, 'Ingenieria'),
(52, 'Maestria'),
(53, 'TSU'),
(54, 'Bachillerato'),
(55, 'Maestria'),
(56, 'Maestria'),
(57, 'TSU'),
(58, 'Bachillerato'),
(59, 'Bachillerato'),
(60, 'Bachillerato'),
(61, 'Ingenieria'),
(62, 'TSU'),
(63, 'Ingenieria'),
(64, 'TSU'),
(65, 'Ingenieria'),
(66, 'Ingenieria'),
(67, 'Ingenieria'),
(68, 'Ingenieria'),
(69, 'Maestria'),
(70, 'Maestria'),
(71, 'TSU'),
(72, 'Bachillerato'),
(73, 'Ingenieria'),
(74, 'TSU'),
(75, 'Ingenieria'),
(76, 'Bachillerato'),
(77, 'Bachillerato'),
(78, 'Maestria'),
(79, 'TSU'),
(80, 'Maestria'),
(81, 'Maestria'),
(82, 'Bachillerato'),
(83, 'Ingenieria'),
(84, 'Bachillerato'),
(85, 'Bachillerato'),
(86, 'Maestria'),
(87, 'Maestria'),
(88, 'TSU'),
(89, 'Maestria'),
(90, 'TSU'),
(91, 'Maestria'),
(92, 'Maestria'),
(93, 'Maestria'),
(94, 'Maestria'),
(95, 'TSU'),
(96, 'Maestria'),
(97, 'Bachillerato'),
(98, 'Maestria'),
(99, 'TSU'),
(100, 'Bachillerato'),
(101, 'Ingenieria'),
(102, 'Ingenieria'),
(103, 'Ingenieria'),
(104, 'Ingenieria'),
(105, 'TSU'),
(106, 'TSU'),
(107, 'TSU'),
(108, 'TSU'),
(109, 'Maestria'),
(110, 'Bachillerato'),
(111, 'TSU'),
(112, 'Bachillerato'),
(113, 'Maestria'),
(114, 'TSU'),
(115, 'Bachillerato'),
(116, 'TSU'),
(117, 'Maestria'),
(118, 'TSU'),
(119, 'Ingenieria'),
(120, 'TSU'),
(121, 'Maestria'),
(122, 'Bachillerato'),
(123, 'Maestria'),
(124, 'TSU'),
(125, 'Maestria'),
(126, 'TSU'),
(127, 'Bachillerato'),
(128, 'Maestria'),
(129, 'Bachillerato'),
(130, 'Bachillerato'),
(131, 'Maestria'),
(132, 'Maestria'),
(133, 'Maestria'),
(134, 'TSU'),
(135, 'Ingenieria'),
(136, 'Bachillerato'),
(137, 'Bachillerato'),
(138, 'Ingenieria'),
(139, 'Bachillerato'),
(140, 'Maestria'),
(141, 'Maestria'),
(142, 'Maestria'),
(143, 'Maestria'),
(144, 'Bachillerato'),
(145, 'Bachillerato'),
(146, 'Ingenieria'),
(147, 'Bachillerato'),
(148, 'Ingenieria'),
(149, 'TSU'),
(150, 'TSU'),
(151, 'Bachillerato'),
(152, 'Ingenieria'),
(153, 'Ingenieria'),
(154, 'Ingenieria'),
(155, 'Bachillerato'),
(156, 'TSU'),
(157, 'Bachillerato'),
(158, 'Maestria'),
(159, 'Maestria'),
(160, 'Ingenieria'),
(161, 'TSU'),
(162, 'TSU'),
(163, 'Maestria'),
(164, 'Maestria'),
(165, 'TSU'),
(166, 'Ingenieria'),
(167, 'Bachillerato'),
(168, 'Bachillerato'),
(169, 'Bachillerato'),
(170, 'Ingenieria'),
(171, 'Maestria'),
(172, 'Ingenieria'),
(173, 'Maestria'),
(174, 'Ingenieria'),
(175, 'Ingenieria'),
(176, 'Bachillerato'),
(177, 'Bachillerato'),
(178, 'Maestria'),
(179, 'Bachillerato'),
(180, 'TSU'),
(181, 'Ingenieria'),
(182, 'Maestria'),
(183, 'Maestria'),
(184, 'Bachillerato'),
(185, 'Ingenieria'),
(186, 'Bachillerato'),
(187, 'TSU'),
(188, 'Ingenieria'),
(189, 'Ingenieria'),
(190, 'Bachillerato'),
(191, 'Ingenieria'),
(192, 'Ingenieria'),
(193, 'Bachillerato'),
(194, 'Bachillerato'),
(195, 'TSU'),
(196, 'TSU'),
(197, 'Bachillerato'),
(198, 'TSU'),
(199, 'Bachillerato'),
(200, 'Bachillerato'),
(201, 'Ingenieria'),
(202, 'Bachillerato'),
(203, 'TSU'),
(204, 'Bachillerato'),
(205, 'TSU'),
(206, 'Ingenieria'),
(207, 'TSU'),
(208, 'Bachillerato'),
(209, 'TSU'),
(210, 'Bachillerato'),
(211, 'Ingenieria'),
(212, 'Ingenieria'),
(213, 'Ingenieria'),
(214, 'TSU'),
(215, 'Maestria'),
(216, 'Ingenieria'),
(217, 'TSU'),
(218, 'TSU'),
(219, 'Maestria'),
(220, 'Maestria'),
(221, 'Maestria'),
(222, 'Ingenieria'),
(223, 'Ingenieria'),
(224, 'Ingenieria'),
(225, 'TSU'),
(226, 'Bachillerato'),
(227, 'TSU'),
(228, 'Maestria'),
(229, 'TSU'),
(230, 'TSU'),
(231, 'Bachillerato'),
(232, 'Maestria'),
(233, 'Maestria'),
(234, 'TSU'),
(235, 'Bachillerato'),
(236, 'Maestria'),
(237, 'Maestria'),
(238, 'Bachillerato'),
(239, 'Ingenieria'),
(240, 'Maestria'),
(241, 'Bachillerato'),
(242, 'Ingenieria'),
(243, 'Bachillerato'),
(244, 'Ingenieria'),
(245, 'Maestria'),
(246, 'TSU'),
(247, 'Maestria'),
(248, 'Maestria'),
(249, 'Bachillerato'),
(250, 'Maestria'),
(251, 'Maestria'),
(252, 'Bachillerato'),
(253, 'Maestria'),
(254, 'TSU'),
(255, 'Bachillerato'),
(256, 'Bachillerato'),
(257, 'TSU'),
(258, 'Bachillerato'),
(259, 'Maestria'),
(260, 'Bachillerato'),
(261, 'Bachillerato'),
(262, 'TSU'),
(263, 'Bachillerato'),
(264, 'Maestria'),
(265, 'Maestria'),
(266, 'Maestria'),
(267, 'Bachillerato'),
(268, 'Maestria'),
(269, 'Ingenieria'),
(270, 'TSU'),
(271, 'Maestria'),
(272, 'Ingenieria'),
(273, 'Bachillerato'),
(274, 'Bachillerato'),
(275, 'Bachillerato'),
(276, 'Ingenieria'),
(277, 'TSU'),
(278, 'Bachillerato'),
(279, 'TSU'),
(280, 'TSU'),
(281, 'Ingenieria'),
(282, 'Maestria'),
(283, 'Maestria'),
(284, 'Bachillerato'),
(285, 'Ingenieria'),
(286, 'Ingenieria'),
(287, 'Maestria'),
(288, 'Ingenieria'),
(289, 'Bachillerato'),
(290, 'Ingenieria'),
(291, 'TSU'),
(292, 'Maestria'),
(293, 'Ingenieria'),
(294, 'Maestria'),
(295, 'dfg'),
(296, 'TSU'),
(297, 'Maestria'),
(298, 'Bachillerato'),
(299, 'Maestria'),
(300, 'TSU'),
(301, 'Bachillerato'),
(302, 'Ingenieria'),
(303, 'Ingenieria'),
(304, 'Bachillerato'),
(305, 'Bachillerato'),
(306, 'TSU'),
(307, 'Ingenieria'),
(308, 'Ingenieria'),
(309, 'Maestria'),
(310, 'Maestria'),
(311, 'TSU'),
(312, 'Ingenieria'),
(313, 'Maestria'),
(314, 'Bachillerato'),
(315, 'Maestria'),
(316, 'Bachillerato'),
(317, 'TSU'),
(318, 'TSU'),
(319, 'TSU'),
(320, 'Bachillerato'),
(321, 'Bachillerato'),
(322, 'Ingenieria'),
(323, 'Bachillerato'),
(324, 'Maestria'),
(325, 'Bachillerato'),
(326, 'TSU'),
(327, 'Maestria'),
(328, 'Maestria'),
(329, 'Bachillerato'),
(330, 'Bachillerato'),
(331, 'TSU'),
(332, 'Maestria'),
(333, 'TSU'),
(334, 'TSU'),
(335, 'TSU'),
(336, 'TSU'),
(337, 'Ingenieria'),
(338, 'Ingenieria'),
(339, 'TSU'),
(340, 'Ingenieria'),
(341, 'TSU'),
(342, 'Bachillerato'),
(343, 'Ingenieria'),
(344, 'Maestria'),
(345, 'Bachillerato'),
(346, 'TSU'),
(347, 'Bachillerato'),
(348, 'Ingenieria'),
(349, 'Bachillerato'),
(350, 'Bachillerato'),
(351, 'Maestria'),
(352, 'TSU'),
(353, 'TSU'),
(354, 'TSU'),
(355, 'Bachillerato'),
(356, 'Ingenieria'),
(357, 'TSU'),
(358, 'TSU'),
(359, 'Bachillerato'),
(360, 'Maestria'),
(361, 'Ingenieria'),
(362, 'Bachillerato'),
(363, 'Maestria'),
(364, 'Ingenieria'),
(365, 'Maestria'),
(366, 'Bachillerato'),
(367, 'Ingenieria'),
(368, 'Ingenieria'),
(369, 'Ingenieria'),
(370, 'TSU'),
(371, 'Ingenieria'),
(372, 'Maestria'),
(373, 'Bachillerato'),
(374, 'TSU'),
(375, 'Ingenieria'),
(376, 'Ingenieria'),
(377, 'Ingenieria'),
(378, 'Bachillerato'),
(379, 'Bachillerato'),
(380, 'Bachillerato'),
(381, 'Bachillerato'),
(382, 'Bachillerato'),
(383, 'TSU'),
(384, 'Maestria'),
(385, 'Ingenieria'),
(386, 'TSU'),
(387, 'Bachillerato'),
(388, 'Maestria'),
(389, 'Ingenieria'),
(390, 'Ingenieria'),
(391, 'Ingenieria'),
(392, 'Bachillerato'),
(393, 'Maestria'),
(394, 'Bachillerato'),
(395, 'TSU'),
(396, 'TSU'),
(397, 'Bachillerato'),
(398, 'Maestria'),
(399, 'TSU'),
(400, 'Maestria');

-- --------------------------------------------------------

--
-- Estructura de tabla para la tabla `tipoasistencia`
--

CREATE TABLE IF NOT EXISTS `tipoasistencia` (
  `id_tipoasistencia` int(11) NOT NULL AUTO_INCREMENT,
  `tipoasistencia` varchar(25) DEFAULT NULL,
  PRIMARY KEY (`id_tipoasistencia`)
) ENGINE=InnoDB  DEFAULT CHARSET=latin1 AUTO_INCREMENT=401 ;

--
-- Volcado de datos para la tabla `tipoasistencia`
--

INSERT INTO `tipoasistencia` (`id_tipoasistencia`, `tipoasistencia`) VALUES
(1, 'Falta'),
(2, 'asistencia'),
(3, 'Falta'),
(4, 'asistencia'),
(5, 'asistencia'),
(6, 'Falta'),
(7, 'asistencia'),
(8, 'Falta'),
(9, 'Falta'),
(10, 'Falta'),
(11, 'asistencia'),
(12, 'asistencia'),
(13, 'asistencia'),
(14, 'Falta'),
(15, 'asistencia'),
(16, 'Falta'),
(17, 'asistencia'),
(18, 'asistencia'),
(19, 'Falta'),
(20, 'Falta'),
(21, 'asistencia'),
(22, 'asistencia'),
(23, 'asistencia'),
(24, 'Falta'),
(25, 'asistencia'),
(26, 'Falta'),
(27, 'asistencia'),
(28, 'Falta'),
(29, 'asistencia'),
(30, 'Falta'),
(31, 'Falta'),
(32, 'Falta'),
(33, 'Falta'),
(34, 'Falta'),
(35, 'asistencia'),
(36, 'Falta'),
(37, 'asistencia'),
(38, 'Falta'),
(39, 'Falta'),
(40, 'Falta'),
(41, 'Falta'),
(42, 'asistencia'),
(43, 'asistencia'),
(44, 'Falta'),
(45, 'asistencia'),
(46, 'Falta'),
(47, 'Falta'),
(48, 'Falta'),
(49, 'asistencia'),
(50, 'Falta'),
(51, 'asistencia'),
(52, 'Falta'),
(53, 'asistencia'),
(54, 'Falta'),
(55, 'asistencia'),
(56, 'Falta'),
(57, 'asistencia'),
(58, 'Falta'),
(59, 'asistencia'),
(60, 'Falta'),
(61, 'asistencia'),
(62, 'Falta'),
(63, 'asistencia'),
(64, 'asistencia'),
(65, 'Falta'),
(66, 'Falta'),
(67, 'Falta'),
(68, 'asistencia'),
(69, 'asistencia'),
(70, 'asistencia'),
(71, 'asistencia'),
(72, 'Falta'),
(73, 'asistencia'),
(74, 'asistencia'),
(75, 'Falta'),
(76, 'Falta'),
(77, 'Falta'),
(78, 'Falta'),
(79, 'Falta'),
(80, 'asistencia'),
(81, 'Falta'),
(82, 'asistencia'),
(83, 'asistencia'),
(84, 'Falta'),
(85, 'asistencia'),
(86, 'Falta'),
(87, 'asistencia'),
(88, 'asistencia'),
(89, 'asistencia'),
(90, 'Falta'),
(91, 'asistencia'),
(92, 'asistencia'),
(93, 'Falta'),
(94, 'asistencia'),
(95, 'asistencia'),
(96, 'Falta'),
(97, 'asistencia'),
(98, 'Falta'),
(99, 'asistencia'),
(100, 'Falta'),
(101, 'asistencia'),
(102, 'Falta'),
(103, 'asistencia'),
(104, 'asistencia'),
(105, 'asistencia'),
(106, 'asistencia'),
(107, 'asistencia'),
(108, 'Falta'),
(109, 'asistencia'),
(110, 'asistencia'),
(111, 'asistencia'),
(112, 'Falta'),
(113, 'Falta'),
(114, 'asistencia'),
(115, 'asistencia'),
(116, 'asistencia'),
(117, 'Falta'),
(118, 'Falta'),
(119, 'asistencia'),
(120, 'asistencia'),
(121, 'Falta'),
(122, 'Falta'),
(123, 'asistencia'),
(124, 'asistencia'),
(125, 'asistencia'),
(126, 'asistencia'),
(127, 'asistencia'),
(128, 'Falta'),
(129, 'asistencia'),
(130, 'asistencia'),
(131, 'asistencia'),
(132, 'Falta'),
(133, 'Falta'),
(134, 'Falta'),
(135, 'Falta'),
(136, 'Falta'),
(137, 'Falta'),
(138, 'Falta'),
(139, 'asistencia'),
(140, 'asistencia'),
(141, 'Falta'),
(142, 'Falta'),
(143, 'Falta'),
(144, 'Falta'),
(145, 'asistencia'),
(146, 'Falta'),
(147, 'asistencia'),
(148, 'Falta'),
(149, 'asistencia'),
(150, 'Falta'),
(151, 'asistencia'),
(152, 'asistencia'),
(153, 'Falta'),
(154, 'Falta'),
(155, 'asistencia'),
(156, 'Falta'),
(157, 'asistencia'),
(158, 'Falta'),
(159, 'Falta'),
(160, 'Falta'),
(161, 'asistencia'),
(162, 'Falta'),
(163, 'asistencia'),
(164, 'asistencia'),
(165, 'asistencia'),
(166, 'Falta'),
(167, 'Falta'),
(168, 'Falta'),
(169, 'asistencia'),
(170, 'Falta'),
(171, 'Falta'),
(172, 'Falta'),
(173, 'asistencia'),
(174, 'Falta'),
(175, 'asistencia'),
(176, 'Falta'),
(177, 'Falta'),
(178, 'Falta'),
(179, 'Falta'),
(180, 'Falta'),
(181, 'Falta'),
(182, 'asistencia'),
(183, 'Falta'),
(184, 'asistencia'),
(185, 'asistencia'),
(186, 'Falta'),
(187, 'Falta'),
(188, 'asistencia'),
(189, 'Falta'),
(190, 'Falta'),
(191, 'Falta'),
(192, 'asistencia'),
(193, 'Falta'),
(194, 'Falta'),
(195, 'asistencia'),
(196, 'Falta'),
(197, 'Falta'),
(198, 'Falta'),
(199, 'asistencia'),
(200, 'asistencia'),
(201, 'asistencia'),
(202, 'asistencia'),
(203, 'asistencia'),
(204, 'Falta'),
(205, 'asistencia'),
(206, 'asistencia'),
(207, 'asistencia'),
(208, 'asistencia'),
(209, 'asistencia'),
(210, 'asistencia'),
(211, 'Falta'),
(212, 'Falta'),
(213, 'Falta'),
(214, 'asistencia'),
(215, 'asistencia'),
(216, 'Falta'),
(217, 'asistencia'),
(218, 'Falta'),
(219, 'Falta'),
(220, 'Falta'),
(221, 'Falta'),
(222, 'Falta'),
(223, 'Falta'),
(224, 'asistencia'),
(225, 'asistencia'),
(226, 'asistencia'),
(227, 'Falta'),
(228, 'Falta'),
(229, 'Falta'),
(230, 'Falta'),
(231, 'Falta'),
(232, 'asistencia'),
(233, 'Falta'),
(234, 'asistencia'),
(235, 'Falta'),
(236, 'asistencia'),
(237, 'asistencia'),
(238, 'Falta'),
(239, 'asistencia'),
(240, 'asistencia'),
(241, 'Falta'),
(242, 'Falta'),
(243, 'Falta'),
(244, 'Falta'),
(245, 'Falta'),
(246, 'asistencia'),
(247, 'asistencia'),
(248, 'Falta'),
(249, 'asistencia'),
(250, 'asistencia'),
(251, 'asistencia'),
(252, 'Falta'),
(253, 'Falta'),
(254, 'Falta'),
(255, 'asistencia'),
(256, 'asistencia'),
(257, 'Falta'),
(258, 'asistencia'),
(259, 'Falta'),
(260, 'Falta'),
(261, 'Falta'),
(262, 'Falta'),
(263, 'asistencia'),
(264, 'Falta'),
(265, 'Falta'),
(266, 'Falta'),
(267, 'asistencia'),
(268, 'Falta'),
(269, 'asistencia'),
(270, 'asistencia'),
(271, 'asistencia'),
(272, 'Falta'),
(273, 'asistencia'),
(274, 'Falta'),
(275, 'Falta'),
(276, 'Falta'),
(277, 'Falta'),
(278, 'Falta'),
(279, 'asistencia'),
(280, 'asistencia'),
(281, 'Falta'),
(282, 'asistencia'),
(283, 'Falta'),
(284, 'asistencia'),
(285, 'asistencia'),
(286, 'asistencia'),
(287, 'asistencia'),
(288, 'Falta'),
(289, 'Falta'),
(290, 'asistencia'),
(291, 'asistencia'),
(292, 'asistencia'),
(293, 'Falta'),
(294, 'Falta'),
(295, 'Falta'),
(296, 'asistencia'),
(297, 'Falta'),
(298, 'asistencia'),
(299, 'asistencia'),
(300, 'asistencia'),
(301, 'asistencia'),
(302, 'asistencia'),
(303, 'asistencia'),
(304, 'Falta'),
(305, 'asistencia'),
(306, 'asistencia'),
(307, 'Falta'),
(308, 'Falta'),
(309, 'Falta'),
(310, 'Falta'),
(311, 'asistencia'),
(312, 'Falta'),
(313, 'Falta'),
(314, 'Falta'),
(315, 'asistencia'),
(316, 'Falta'),
(317, 'asistencia'),
(318, 'Falta'),
(319, 'Falta'),
(320, 'Falta'),
(321, 'Falta'),
(322, 'Falta'),
(323, 'Falta'),
(324, 'Falta'),
(325, 'asistencia'),
(326, 'asistencia'),
(327, 'Falta'),
(328, 'asistencia'),
(329, 'Falta'),
(330, 'asistencia'),
(331, 'asistencia'),
(332, 'Falta'),
(333, 'asistencia'),
(334, 'asistencia'),
(335, 'asistencia'),
(336, 'asistencia'),
(337, 'asistencia'),
(338, 'asistencia'),
(339, 'Falta'),
(340, 'Falta'),
(341, 'asistencia'),
(342, 'asistencia'),
(343, 'Falta'),
(344, 'Falta'),
(345, 'asistencia'),
(346, 'asistencia'),
(347, 'asistencia'),
(348, 'Falta'),
(349, 'Falta'),
(350, 'Falta'),
(351, 'asistencia'),
(352, 'Falta'),
(353, 'asistencia'),
(354, 'asistencia'),
(355, 'Falta'),
(356, 'asistencia'),
(357, 'Falta'),
(358, 'asistencia'),
(359, 'Falta'),
(360, 'Falta'),
(361, 'Falta'),
(362, 'Falta'),
(363, 'Falta'),
(364, 'asistencia'),
(365, 'asistencia'),
(366, 'asistencia'),
(367, 'Falta'),
(368, 'Falta'),
(369, 'asistencia'),
(370, 'asistencia'),
(371, 'Falta'),
(372, 'Falta'),
(373, 'Falta'),
(374, 'asistencia'),
(375, 'asistencia'),
(376, 'Falta'),
(377, 'asistencia'),
(378, 'asistencia'),
(379, 'asistencia'),
(380, 'Falta'),
(381, 'asistencia'),
(382, 'asistencia'),
(383, 'asistencia'),
(384, 'asistencia'),
(385, 'asistencia'),
(386, 'Falta'),
(387, 'asistencia'),
(388, 'Falta'),
(389, 'Falta'),
(390, 'asistencia'),
(391, 'asistencia'),
(392, 'Falta'),
(393, 'Falta'),
(394, 'Falta'),
(395, 'Falta'),
(396, 'asistencia'),
(397, 'asistencia'),
(398, 'Falta'),
(399, 'asistencia'),
(400, 'Falta');

-- --------------------------------------------------------

--
-- Estructura de tabla para la tabla `trabajos`
--

CREATE TABLE IF NOT EXISTS `trabajos` (
  `id_trabajo` int(11) NOT NULL AUTO_INCREMENT,
  `nombretrabajo` varchar(25) DEFAULT NULL,
  `id_agrupacion` int(11) DEFAULT NULL,
  `id_calificacion` int(11) DEFAULT NULL,
  PRIMARY KEY (`id_trabajo`),
  KEY `id_agrupacion` (`id_agrupacion`),
  KEY `id_calificacion` (`id_calificacion`)
) ENGINE=InnoDB  DEFAULT CHARSET=latin1 AUTO_INCREMENT=401 ;

--
-- Volcado de datos para la tabla `trabajos`
--

INSERT INTO `trabajos` (`id_trabajo`, `nombretrabajo`, `id_agrupacion`, `id_calificacion`) VALUES
(1, 'Base de datos', 1, 1),
(2, 'Tesis', 1, 1),
(3, 'Escrito', 2, 2),
(4, 'Critica ', 3, 3),
(5, 'Base de datos', 4, 4),
(6, 'Ponencia', 5, 5),
(7, 'Escrito', 6, 6),
(8, 'Expocicion', 7, 7),
(9, 'Apunte', 8, 8),
(10, 'Escrito', 9, 9),
(11, 'Informe ', 10, 10),
(12, 'Ponencia', 11, 11),
(13, 'Apunte', 12, 12),
(14, 'Monografia', 13, 13),
(15, 'Ponencia', 14, 14),
(16, 'Monografia', 15, 15),
(17, 'Resumen', 16, 16),
(18, 'Critica ', 17, 17),
(19, 'Informe ', 18, 18),
(20, 'Ejercicios', 19, 19),
(21, 'Ensayo', 20, 20),
(22, 'Ensayo', 21, 21),
(23, 'Programa', 22, 22),
(24, 'Artículo', 23, 23),
(25, 'Tesis', 24, 24),
(26, 'Critica ', 25, 25),
(27, 'Ejercicios', 26, 26),
(28, 'Base de datos', 27, 27),
(29, 'Informe ', 28, 28),
(30, 'Ejercicios', 29, 29),
(31, 'Resumen', 30, 30),
(32, 'Investigacion ', 31, 31),
(33, 'Investigacion ', 32, 32),
(34, 'Artículo', 33, 33),
(35, 'Resumen', 34, 34),
(36, 'Maqueta', 35, 35),
(37, 'Investigacion ', 36, 36),
(38, 'Expocicion', 37, 37),
(39, 'Resumen', 38, 38),
(40, 'Base de datos', 39, 39),
(41, 'Critica ', 40, 40),
(42, 'Apunte', 41, 41),
(43, 'Investigacion ', 42, 42),
(44, 'Maqueta', 43, 43),
(45, 'Base de datos', 44, 44),
(46, 'Resumen', 45, 45),
(47, 'Apunte', 46, 46),
(48, 'Expocicion', 47, 47),
(49, 'Apunte', 48, 48),
(50, 'Base de datos', 49, 49),
(51, 'Resumen', 50, 50),
(52, 'Apunte', 51, 51),
(53, 'Ejercicios', 52, 52),
(54, 'Ponencia', 53, 53),
(55, 'Base de datos', 54, 54),
(56, 'Ensayo', 55, 55),
(57, 'Informe ', 56, 56),
(58, 'Escrito', 57, 57),
(59, 'Ejercicios', 58, 58),
(60, 'Programa', 59, 59),
(61, 'Apunte', 60, 60),
(62, 'Monografia', 61, 61),
(63, 'Base de datos', 62, 62),
(64, 'Resumen', 63, 63),
(65, 'Monografia', 64, 64),
(66, 'Base de datos', 65, 65),
(67, 'Expocicion', 66, 66),
(68, 'Apunte', 67, 67),
(69, 'Programa', 68, 68),
(70, 'Tesis', 69, 69),
(71, 'Base de datos', 70, 70),
(72, 'Apunte', 71, 71),
(73, 'Programa', 72, 72),
(74, 'Escrito', 73, 73),
(75, 'Investigacion ', 74, 74),
(76, 'Programa', 75, 75),
(77, 'Expocicion', 76, 76),
(78, 'Apunte', 77, 77),
(79, 'Investigacion ', 78, 78),
(80, 'Ensayo', 79, 79),
(81, 'Expocicion', 80, 80),
(82, 'Resumen', 81, 81),
(83, 'Apunte', 82, 82),
(84, 'Artículo', 83, 83),
(85, 'Apunte', 84, 84),
(86, 'Ponencia', 85, 85),
(87, 'Investigacion ', 86, 86),
(88, 'Expocicion', 87, 87),
(89, 'Escrito', 88, 88),
(90, 'Apunte', 89, 89),
(91, 'Expocicion', 90, 90),
(92, 'Tesis', 91, 91),
(93, 'Tesis', 92, 92),
(94, 'Programa', 93, 93),
(95, 'Ejercicios', 94, 94),
(96, 'Artículo', 95, 95),
(97, 'Apunte', 96, 96),
(98, 'Ensayo', 97, 97),
(99, 'Monografia', 98, 98),
(100, 'Monografia', 99, 99),
(101, 'Investigacion ', 100, 100),
(102, 'Informe ', 101, 101),
(103, 'Ponencia', 102, 102),
(104, 'Maqueta', 103, 103),
(105, 'Base de datos', 104, 104),
(106, 'Programa', 105, 105),
(107, 'Programa', 106, 106),
(108, 'Programa', 107, 107),
(109, 'Escrito', 108, 108),
(110, 'Ejercicios', 109, 109),
(111, 'Artículo', 110, 110),
(112, 'Escrito', 111, 111),
(113, 'Ponencia', 112, 112),
(114, 'Tesis', 113, 113),
(115, 'Escrito', 114, 114),
(116, 'Programa', 115, 115),
(117, 'Ensayo', 116, 116),
(118, 'Maqueta', 117, 117),
(119, 'Apunte', 118, 118),
(120, 'Apunte', 119, 119),
(121, 'Tesis', 120, 120),
(122, 'Ejercicios', 121, 121),
(123, 'Maqueta', 122, 122),
(124, 'Critica ', 123, 123),
(125, 'Tesis', 124, 124),
(126, 'Escrito', 125, 125),
(127, 'Monografia', 126, 126),
(128, 'Informe ', 127, 127),
(129, 'Ponencia', 128, 128),
(130, 'Resumen', 129, 129),
(131, 'Monografia', 130, 130),
(132, 'Ponencia', 131, 131),
(133, 'Tesis', 132, 132),
(134, 'Tesis', 133, 133),
(135, 'Ponencia', 134, 134),
(136, 'Ejercicios', 135, 135),
(137, 'Monografia', 136, 136),
(138, 'Informe ', 137, 137),
(139, 'Artículo', 138, 138),
(140, 'Critica ', 139, 139),
(141, 'Programa', 140, 140),
(142, 'Apunte', 141, 141),
(143, 'Informe ', 142, 142),
(144, 'Expocicion', 143, 143),
(145, 'Maqueta', 144, 144),
(146, 'Ejercicios', 145, 145),
(147, 'Tesis', 146, 146),
(148, 'Tesis', 147, 147),
(149, 'Critica ', 148, 148),
(150, 'Critica ', 149, 149),
(151, 'Investigacion ', 150, 150),
(152, 'Programa', 151, 151),
(153, 'Informe ', 152, 152),
(154, 'Tesis', 153, 153),
(155, 'Escrito', 154, 154),
(156, 'Base de datos', 155, 155),
(157, 'Artículo', 156, 156),
(158, 'Expocicion', 157, 157),
(159, 'Monografia', 158, 158),
(160, 'Artículo', 159, 159),
(161, 'Informe ', 160, 160),
(162, 'Ponencia', 161, 161),
(163, 'Ponencia', 162, 162),
(164, 'Escrito', 163, 163),
(165, 'Informe ', 164, 164),
(166, 'Informe ', 165, 165),
(167, 'Investigacion ', 166, 166),
(168, 'Escrito', 167, 167),
(169, 'Ejercicios', 168, 168),
(170, 'Maqueta', 169, 169),
(171, 'Programa', 170, 170),
(172, 'Base de datos', 171, 171),
(173, 'Ejercicios', 172, 172),
(174, 'Critica ', 173, 173),
(175, 'Artículo', 174, 174),
(176, 'Maqueta', 175, 175),
(177, 'Informe ', 176, 176),
(178, 'Escrito', 177, 177),
(179, 'Programa', 178, 178),
(180, 'Resumen', 179, 179),
(181, 'Ensayo', 180, 180),
(182, 'Critica ', 181, 181),
(183, 'Resumen', 182, 182),
(184, 'Apunte', 183, 183),
(185, 'Escrito', 184, 184),
(186, 'Expocicion', 185, 185),
(187, 'Apunte', 186, 186),
(188, 'Expocicion', 187, 187),
(189, 'Ponencia', 188, 188),
(190, 'Tesis', 189, 189),
(191, 'Expocicion', 190, 190),
(192, 'Apunte', 191, 191),
(193, 'Ejercicios', 192, 192),
(194, 'Artículo', 193, 193),
(195, 'Tesis', 194, 194),
(196, 'Critica ', 195, 195),
(197, 'Ensayo', 196, 196),
(198, 'Informe ', 197, 197),
(199, 'Informe ', 198, 198),
(200, 'Tesis', 199, 199),
(201, 'Monografia', 200, 200),
(202, 'Ensayo', 201, 201),
(203, 'Critica ', 202, 202),
(204, 'Escrito', 203, 203),
(205, 'Ejercicios', 204, 204),
(206, 'Monografia', 205, 205),
(207, 'Monografia', 206, 206),
(208, 'Apunte', 207, 207),
(209, 'Investigacion ', 208, 208),
(210, 'Monografia', 209, 209),
(211, 'Ponencia', 210, 210),
(212, 'Ejercicios', 211, 211),
(213, 'Ponencia', 212, 212),
(214, 'Ensayo', 213, 213),
(215, 'Tesis', 214, 214),
(216, 'Artículo', 215, 215),
(217, 'Ponencia', 216, 216),
(218, 'Critica ', 217, 217),
(219, 'Programa', 218, 218),
(220, 'Ejercicios', 219, 219),
(221, 'Monografia', 220, 220),
(222, 'Artículo', 221, 221),
(223, 'Escrito', 222, 222),
(224, 'Informe ', 223, 223),
(225, 'Apunte', 224, 224),
(226, 'Apunte', 225, 225),
(227, 'Escrito', 226, 226),
(228, 'Apunte', 227, 227),
(229, 'Informe ', 228, 228),
(230, 'Ponencia', 229, 229),
(231, 'Escrito', 230, 230),
(232, 'Ensayo', 231, 231),
(233, 'Critica ', 232, 232),
(234, 'Ponencia', 233, 233),
(235, 'Informe ', 234, 234),
(236, 'Ejercicios', 235, 235),
(237, 'Monografia', 236, 236),
(238, 'Ejercicios', 237, 237),
(239, 'Resumen', 238, 238),
(240, 'Apunte', 239, 239),
(241, 'Tesis', 240, 240),
(242, 'Base de datos', 241, 241),
(243, 'Escrito', 242, 242),
(244, 'Artículo', 243, 243),
(245, 'Ejercicios', 244, 244),
(246, 'Base de datos', 245, 245),
(247, 'Base de datos', 246, 246),
(248, 'Resumen', 247, 247),
(249, 'Programa', 248, 248),
(250, 'Investigacion ', 249, 249),
(251, 'Expocicion', 250, 250),
(252, 'Resumen', 251, 251),
(253, 'Ensayo', 252, 252),
(254, 'Critica ', 253, 253),
(255, 'Apunte', 254, 254),
(256, 'Artículo', 255, 255),
(257, 'Apunte', 256, 256),
(258, 'Expocicion', 257, 257),
(259, 'Artículo', 258, 258),
(260, 'Base de datos', 259, 259),
(261, 'Artículo', 260, 260),
(262, 'Ponencia', 261, 261),
(263, 'Investigacion ', 262, 262),
(264, 'Informe ', 263, 263),
(265, 'Resumen', 264, 264),
(266, 'Ejercicios', 265, 265),
(267, 'Base de datos', 266, 266),
(268, 'Ejercicios', 267, 267),
(269, 'Escrito', 268, 268),
(270, 'Escrito', 269, 269),
(271, 'Resumen', 270, 270),
(272, 'Ejercicios', 271, 271),
(273, 'Ejercicios', 272, 272),
(274, 'Artículo', 273, 273),
(275, 'Maqueta', 274, 274),
(276, 'Tesis', 275, 275),
(277, 'Programa', 276, 276),
(278, 'Ejercicios', 277, 277),
(279, 'Programa', 278, 278),
(280, 'Monografia', 279, 279),
(281, 'Tesis', 280, 280),
(282, 'Programa', 281, 281),
(283, 'Base de datos', 282, 282),
(284, 'Artículo', 283, 283),
(285, 'Artículo', 284, 284),
(286, 'Expocicion', 285, 285),
(287, 'Resumen', 286, 286),
(288, 'Critica ', 287, 287),
(289, 'Investigacion ', 288, 288),
(290, 'Base de datos', 289, 289),
(291, 'Base de datos', 290, 290),
(292, 'Monografia', 291, 291),
(293, 'Ensayo', 292, 292),
(294, 'Critica ', 293, 293),
(295, 'Base de datos', 294, 294),
(296, 'Critica ', 295, 295),
(297, 'Informe ', 296, 296),
(298, 'Programa', 297, 297),
(299, 'Expocicion', 298, 298),
(300, 'Ejercicios', 299, 299),
(301, 'Tesis', 300, 300),
(302, 'Base de datos', 301, 301),
(303, 'Base de datos', 302, 302),
(304, 'Apunte', 303, 303),
(305, 'Critica ', 304, 304),
(306, 'Apunte', 305, 305),
(307, 'Informe ', 306, 306),
(308, 'Informe ', 307, 307),
(309, 'Monografia', 308, 308),
(310, 'Critica ', 309, 309),
(311, 'Resumen', 310, 310),
(312, 'Ponencia', 311, 311),
(313, 'Escrito', 312, 312),
(314, 'Base de datos', 313, 313),
(315, 'Critica ', 314, 314),
(316, 'Ejercicios', 315, 315),
(317, 'Base de datos', 316, 316),
(318, 'Critica ', 317, 317),
(319, 'Base de datos', 318, 318),
(320, 'Monografia', 319, 319),
(321, 'Escrito', 320, 320),
(322, 'Monografia', 321, 321),
(323, 'Artículo', 322, 322),
(324, 'Informe ', 323, 323),
(325, 'Critica ', 324, 324),
(326, 'Artículo', 325, 325),
(327, 'Artículo', 326, 326),
(328, 'Ensayo', 327, 327),
(329, 'Monografia', 328, 328),
(330, 'Tesis', 329, 329),
(331, 'Critica ', 330, 330),
(332, 'Base de datos', 331, 331),
(333, 'Programa', 332, 332),
(334, 'Expocicion', 333, 333),
(335, 'Base de datos', 334, 334),
(336, 'Apunte', 335, 335),
(337, 'Tesis', 336, 336),
(338, 'Resumen', 337, 337),
(339, 'Programa', 338, 338),
(340, 'Expocicion', 339, 339),
(341, 'Informe ', 340, 340),
(342, 'Ejercicios', 341, 341),
(343, 'Apunte', 342, 342),
(344, 'Informe ', 343, 343),
(345, 'Escrito', 344, 344),
(346, 'Apunte', 345, 345),
(347, 'Monografia', 346, 346),
(348, 'Apunte', 347, 347),
(349, 'Ensayo', 348, 348),
(350, 'Expocicion', 349, 349),
(351, 'Tesis', 350, 350),
(352, 'Investigacion ', 351, 351),
(353, 'Ponencia', 352, 352),
(354, 'Maqueta', 353, 353),
(355, 'Maqueta', 354, 354),
(356, 'Ponencia', 355, 355),
(357, 'Expocicion', 356, 356),
(358, 'Base de datos', 357, 357),
(359, 'Ensayo', 358, 358),
(360, 'Escrito', 359, 359),
(361, 'Escrito', 360, 360),
(362, 'Critica ', 361, 361),
(363, 'Investigacion ', 362, 362),
(364, 'Expocicion', 363, 363),
(365, 'Investigacion ', 364, 364),
(366, 'Informe ', 365, 365),
(367, 'Resumen', 366, 366),
(368, 'Monografia', 367, 367),
(369, 'Tesis', 368, 368),
(370, 'Apunte', 369, 369),
(371, 'Apunte', 370, 370),
(372, 'Apunte', 371, 371),
(373, 'Ensayo', 372, 372),
(374, 'Programa', 373, 373),
(375, 'Investigacion ', 374, 374),
(376, 'Escrito', 375, 375),
(377, 'Escrito', 376, 376),
(378, 'Critica ', 377, 377),
(379, 'Base de datos', 378, 378),
(380, 'Investigacion ', 379, 379),
(381, 'Critica ', 380, 380),
(382, 'Monografia', 381, 381),
(383, 'Maqueta', 382, 382),
(384, 'Maqueta', 383, 383),
(385, 'Critica ', 384, 384),
(386, 'Programa', 385, 385),
(387, 'Ejercicios', 386, 386),
(388, 'Tesis', 387, 387),
(389, 'Escrito', 388, 388),
(390, 'Ponencia', 389, 389),
(391, 'Base de datos', 390, 390),
(392, 'Maqueta', 391, 391),
(393, 'Resumen', 392, 392),
(394, 'Ensayo', 393, 393),
(395, 'Investigacion ', 394, 394),
(396, 'Maqueta', 395, 395),
(397, 'Apunte', 396, 396),
(398, 'Escrito', 397, 397),
(399, 'Informe ', 398, 398),
(400, 'Apunte', 399, 399);

--
-- Restricciones para tablas volcadas
--

--
-- Filtros para la tabla `agrupaciones`
--
ALTER TABLE `agrupaciones`
  ADD CONSTRAINT `agrupaciones_ibfk_1` FOREIGN KEY (`id_grupo`) REFERENCES `grupos` (`id_grupo`),
  ADD CONSTRAINT `agrupaciones_ibfk_2` FOREIGN KEY (`id_alumno`) REFERENCES `alumnos` (`id_alumno`),
  ADD CONSTRAINT `agrupaciones_ibfk_3` FOREIGN KEY (`id_periodo`) REFERENCES `periodos` (`id_periodo`),
  ADD CONSTRAINT `agrupaciones_ibfk_4` FOREIGN KEY (`id_materia`) REFERENCES `materias` (`id_materia`),
  ADD CONSTRAINT `agrupaciones_ibfk_5` FOREIGN KEY (`id_escuela`) REFERENCES `escuelas` (`id_escuela`),
  ADD CONSTRAINT `agrupaciones_ibfk_6` FOREIGN KEY (`id_parcial`) REFERENCES `parciales` (`id_parcial`);

--
-- Filtros para la tabla `alumnos`
--
ALTER TABLE `alumnos`
  ADD CONSTRAINT `alumnos_ibfk_1` FOREIGN KEY (`id_tipoalumno`) REFERENCES `tipoalumnos` (`id_tipoalumno`);

--
-- Filtros para la tabla `asistencias`
--
ALTER TABLE `asistencias`
  ADD CONSTRAINT `asistencias_ibfk_1` FOREIGN KEY (`id_alumno`) REFERENCES `alumnos` (`id_alumno`),
  ADD CONSTRAINT `asistencias_ibfk_2` FOREIGN KEY (`id_tipoasistencia`) REFERENCES `tipoasistencia` (`id_tipoasistencia`),
  ADD CONSTRAINT `asistencias_ibfk_3` FOREIGN KEY (`id_agrupacion`) REFERENCES `agrupaciones` (`id_agrupacion`);

--
-- Filtros para la tabla `calificacionesalumnos`
--
ALTER TABLE `calificacionesalumnos`
  ADD CONSTRAINT `calificacionesalumnos_ibfk_1` FOREIGN KEY (`id_agrupacion`) REFERENCES `agrupaciones` (`id_agrupacion`);

--
-- Filtros para la tabla `horarios`
--
ALTER TABLE `horarios`
  ADD CONSTRAINT `horarios_ibfk_1` FOREIGN KEY (`id_agrupacion`) REFERENCES `agrupaciones` (`id_agrupacion`),
  ADD CONSTRAINT `horarios_ibfk_2` FOREIGN KEY (`id_salon`) REFERENCES `salones` (`id_salon`);

--
-- Filtros para la tabla `trabajos`
--
ALTER TABLE `trabajos`
  ADD CONSTRAINT `trabajos_ibfk_1` FOREIGN KEY (`id_agrupacion`) REFERENCES `agrupaciones` (`id_agrupacion`),
  ADD CONSTRAINT `trabajos_ibfk_2` FOREIGN KEY (`id_calificacion`) REFERENCES `calificaciones` (`id_calificacion`);

/*!40101 SET CHARACTER_SET_CLIENT=@OLD_CHARACTER_SET_CLIENT */;
/*!40101 SET CHARACTER_SET_RESULTS=@OLD_CHARACTER_SET_RESULTS */;
/*!40101 SET COLLATION_CONNECTION=@OLD_COLLATION_CONNECTION */;
